"EMPLOYEE_FK","WORK_BALANCE_STARS","CULTURE_VALUES_STARS","CAREER_OPPORTUNITIES_STARS","COMP_BENEFIT_STARS","SENIOR_MANAGEMENT_STARS","OVERALL_RATINGS"
1,0.4,0.6,0.6,1,0.6,0.8
2,1,0.8,1,1,0.8,1
3,0.4,1,1,0.8,1,1
4,1,1,1,1,1,1
5,1,1,1,1,1,1
6,1,1,1,1,1,1
7,0.8,0.8,1,1,0.4,1
8,0.4,0.2,0.4,1,0.4,0.6
9,0.4,0.4,0.8,0.8,0.6,1
10,1,1,0.6,1,0.8,0.8
11,1,1,1,1,0.8,1
12,0.8,1,1,1,0.8,1
13,1,0.8,0.8,0.8,0.8,0.8
14,0.8,1,1,1,0.8,1
15,1,1,1,1,1,1
16,0.6,1,0.4,0.6,0.6,0.6
17,0.2,0.2,0.2,0.8,0.2,0.2
18,1,1,1,1,0.8,1
19,0.4,0.4,0.6,0.6,0.6,0.8
20,0.4,0.4,0.2,1,0.2,0.2
21,1,1,1,1,0.8,1
22,0.8,1,0.8,0.6,1,1
23,0.8,1,1,0.6,0.8,1
24,0.2,0.6,1,1,0.6,0.6
25,0.2,0.2,0.2,0.2,0.2,0.2
26,0.4,0.2,0.4,0.6,0.2,0.2
27,1,1,1,1,1,1
28,1,1,1,1,1,1
29,0.8,0.8,1,0.8,0.8,0.8
30,1,1,1,0.6,1,1
31,1,1,1,1,1,1
32,0.4,1,1,1,0.6,0.8
33,1,0.8,1,0.8,1,1
34,0.6,0.4,0.4,0.8,0.8,0.4
35,0.8,1,0.8,0.8,0.8,1
36,0.2,0.4,0.6,0.6,0.2,0.2
37,1,1,1,1,0.8,1
38,0.6,1,1,0.6,0.4,1
39,0.8,0.8,1,1,1,1
40,0.4,0.8,0.8,1,0.4,1
41,0.4,0.6,0.4,1,0.6,0.6
42,1,1,0.8,1,0.6,1
43,0.8,0.8,1,0.8,0.8,0.6
44,1,0.8,0.6,1,0.8,0.8
45,0.8,1,1,1,1,0.8
46,1,0.6,0.2,1,0.6,1
47,1,1,1,1,1,1
48,0.8,1,0.8,0.8,1,0.8
49,0.4,0.8,1,0.8,1,1
50,0.8,1,0.6,1,1,0.8
51,0.8,1,1,1,1,0.8
52,0.6,0.8,0.6,0.4,0.6,0.6
53,0.6,1,0.8,1,0.4,0.8
54,0.6,1,1,1,1,1
55,1,1,0.8,1,1,1
56,1,1,1,1,1,1
57,0.4,1,1,0.8,1,1
58,0.6,0.6,0.2,1,0.2,0.2
59,0.8,0.8,0.6,0.8,0.4,0.6
60,0.6,1,0.8,0.2,0.6,0.6
61,1,1,1,1,1,1
62,1,0.4,1,1,0.8,0.6
63,1,1,1,1,1,1
64,1,1,1,1,1,1
65,0.6,1,0.6,1,0.8,1
66,0.6,0.8,1,1,1,1
67,0.2,0.8,0.4,1,0.2,0.4
68,1,1,0.8,0.8,1,1
69,0.8,1,1,0.6,1,1
70,0.6,0.8,1,1,0.8,1
71,0.8,1,0.8,0.6,0.8,1
72,0.8,0.8,1,1,0.8,1
73,0.8,1,0.6,1,0.6,1
74,1,1,1,1,1,0.8
75,1,0.8,0.6,0.8,0.8,0.8
76,0.8,0.8,0.8,1,0.6,0.8
77,1,1,0.6,0.6,1,0.8
78,1,1,0.8,1,0.8,1
79,1,1,1,1,1,0.8
80,0.6,0.4,0.4,0.8,0.4,0.4
81,0.4,0.8,0.2,0.2,0.2,0.4
82,1,1,1,1,1,1
83,0.8,0.8,0.4,1,0.8,0.8
84,0.6,1,1,1,0.8,1
85,1,0.2,0.2,0.4,0.2,0.6
86,1,1,1,1,1,1
87,1,0.2,0.8,0.8,0.2,0.6
88,0.8,0.8,0.6,1,0.6,1
89,0.8,1,1,1,0.8,1
90,0.8,0.4,0.4,0.8,0.4,0.4
91,1,1,0.8,1,1,1
92,0.6,0.8,0.8,0.8,0.8,1
93,0.2,0.2,0.2,0.2,0.2,0.2
94,0.8,1,1,0.8,1,1
95,1,1,1,1,1,1
96,0.2,0.2,0.2,0.2,0.2,0.4
97,0.8,0.4,0.4,1,0.6,0.6
98,0.8,1,0.2,0.6,0.6,0.6
99,0.8,0.8,0.6,1,0.8,1
100,1,1,1,1,1,1
101,1,1,1,0.8,1,1
102,1,1,1,1,1,1
103,1,1,1,1,1,1
104,1,0.8,0.6,0.8,0.6,0.8
105,0.2,0.2,0.6,0.6,0.2,0.2
106,0.8,1,1,0.8,1,1
107,0.6,0.8,1,1,0.8,0.8
108,1,0.4,1,1,0.4,0.8
109,0.4,0.2,0.4,0.6,0.4,0.2
110,1,1,1,1,1,1
111,0.4,0.4,0.4,1,0.6,0.4
112,1,0.8,0.4,1,0.8,0.8
113,0.8,1,1,0.8,0.8,0.8
114,0.2,0.2,0.2,1,0.2,0.2
115,0.2,1,0.2,1,1,1
116,0.2,0.8,1,1,0.8,1
117,1,1,1,1,1,1
118,0.6,0.8,0.8,0.8,0.6,0.8
119,1,1,1,1,0.8,1
120,0.2,0.2,0.2,0.2,0.2,0.2
121,0.2,0.6,0.4,0.8,1,0.4
122,0.8,0.8,0.6,0.8,0.8,0.8
123,0.2,0.2,0.2,0.2,0.2,0.2
124,0.4,0.8,0.4,1,0.2,0.6
125,0.8,1,0.6,0.8,0.6,0.8
126,0.6,0.8,0.8,0.8,0.6,0.8
127,0.8,1,0.6,0.8,0.8,0.8
128,0.8,0.8,0.8,1,0.6,0.8
129,1,1,1,1,1,1
130,0.8,1,1,1,1,1
131,0.8,0.8,0.8,1,0.4,0.8
132,1,1,0.6,0.6,0.6,0.6
133,1,1,1,1,0.8,1
134,0.6,0.6,0.8,1,0.6,0.8
135,0.4,0.2,0.2,0.8,0.4,0.4
136,0.6,0.8,0.8,0.6,0.6,0.8
137,0.2,0.4,0.8,1,0.6,0.6
138,0.2,0.2,0.2,0.2,0.2,0.2
139,0.2,0.2,0.2,0.6,0.2,0.2
140,0.2,0.2,0.4,0.2,0.6,0.4
141,0.8,0.6,0.4,0.8,0.2,0.4
142,0.2,0.2,0.2,0.2,0.2,0.2
143,0.4,0.4,0.6,0.6,0.6,0.4
144,0.4,0.4,0.6,0.6,0.6,0.4
145,1,1,1,1,1,1
146,0.8,0.6,0.2,0.2,0.4,0.6
147,0.8,0.2,0.2,0.6,0.2,0.2
148,0.8,1,1,0.6,0.6,1
149,0.2,0.2,0.2,0.2,0.2,0.2
150,0.2,0.2,0.2,0.2,0.2,0.4
151,0.2,0.2,0.2,0.6,0.2,0.2
152,0.2,0.2,0.2,0.8,0.2,0.2
153,0.6,0.6,0.2,0.6,0.2,0.2
154,0.2,0.2,0.2,0.8,0.8,0.2
155,0.6,1,0.8,1,0.4,0.8
156,0.8,1,0.6,1,0.8,1
157,0.8,1,0.8,1,0.8,0.8
158,0.6,0.2,0.8,0.8,0.6,0.6
159,1,0.6,0.6,0.6,0.6,0.6
160,0.6,0.6,0.6,0.6,0.2,0.4
161,0.4,0.6,1,1,0.4,1
162,0.2,0.2,0.2,0.4,0.2,0.2
163,0.4,0.4,0.4,0.4,0.4,0.4
164,0.2,0.2,0.2,0.2,0.6,0.4
165,0.6,0.8,0.6,0.8,0.8,0.8
166,0.6,0.6,0.6,0.6,0.6,0.6
167,0.6,0.6,0.4,0.8,0.4,0.6
168,0.4,1,0.8,0.8,0.6,0.6
169,0.6,0.6,0.8,0.8,0.6,0.8
170,0.6,0.6,1,0.8,0.6,0.8
171,0.2,0.6,0.6,0.4,0.2,0.6
172,0.2,0.2,0.4,0.6,0.2,0.6
173,0.8,1,1,1,0.8,1
174,0.8,0.8,1,0.8,0.8,1
175,0.2,0.6,1,1,0.4,0.4
176,0.2,0.6,0.2,0.4,0.6,0.6
177,0.2,0.2,0.2,0.6,0.2,0.2
178,0.4,0.2,0.2,0.2,0.4,0.2
179,0.4,1,1,0.8,0.8,0.8
180,0.6,0.6,0.6,0.6,0.2,0.4
181,0.4,0.8,0.4,0.8,0.2,0.6
182,1,1,1,1,1,1
183,0.6,1,0.8,1,0.4,0.2
184,0.2,0.2,0.8,0.8,0.2,0.2
185,0.6,0.6,0.2,0.8,0.2,0.4
186,0.4,0.6,0.8,0.8,0.6,0.8
187,0.2,0.2,0.4,0.4,0.2,0.4
188,0.2,0.4,0.6,0.8,0.2,0.2
189,0.2,0.4,0.6,0.6,0.4,0.4
190,0.4,0.2,0.4,0.6,0.2,0.8
191,0.6,0.8,1,1,1,0.8
192,1,1,0.8,0.6,1,0.8
193,0.8,0.8,1,0.8,0.8,0.8
194,0.8,0.6,0.8,1,1,0.8
195,0.2,1,1,0.8,1,0.2
196,0.2,0.2,0.8,0.2,0.2,0.2
197,0.2,0.4,0.6,1,0.6,0.6
198,0.8,0.2,1,1,0.2,0.6
199,0.6,0.6,0.6,0.6,0.6,0.6
200,0.2,0.2,0.2,0.6,0.2,0.2
201,0.2,0.6,1,0.6,0.6,1
202,0.8,0.8,1,0.8,1,1
203,1,0.6,0.4,0.6,0.6,0.4
204,0.6,0.8,1,1,0.8,0.8
205,0.4,1,0.8,1,0.2,0.6
206,0.4,0.8,0.6,1,0.4,0.6
207,0.6,0.6,0.6,0.8,0.6,0.6
208,0.2,0.2,0.2,0.2,0.2,0.2
209,1,1,0.8,1,0.8,1
210,0.4,0.4,0.4,0.8,0.4,0.4
211,0.2,0.2,0.2,0.2,0.2,0.2
212,0.4,0.8,0.6,0.6,0.6,0.6
213,0.8,0.6,0.4,0.6,0.6,0.6
214,0.4,0.2,0.4,0.4,0.4,0.6
215,0.2,0.2,0.6,0.4,0.4,0.4
216,0.2,0.2,0.2,0.2,0.2,0.2
217,0.4,0.6,0.4,0.8,0.6,0.6
218,0.2,0.2,0.2,0.8,0.2,0.2
219,1,1,1,1,1,0.8
220,0.4,0.8,0.6,0.8,0.6,0.6
221,0.2,0.4,0.4,0.4,0.4,0.4
222,0.2,0.4,0.4,0.4,0.4,0.4
223,0.4,0.4,0.8,0.6,0.4,0.4
224,0.4,0.2,1,1,0.2,0.6
225,0.4,0.6,0.6,0.8,0.8,0.6
226,0.8,1,1,1,1,1
227,0.8,1,1,1,1,1
228,1,0.4,0.6,1,0.6,0.8
229,0.8,0.8,0.8,1,0.8,0.8
230,0.6,0.6,0.4,0.6,0.8,0.6
231,0.2,0.2,0.8,0.8,0.4,0.6
232,0.6,0.2,0.8,0.8,0.6,0.6
233,0.6,0.6,0.8,0.4,0.2,0.4
234,0.2,0.2,1,0.4,0.4,0.2
235,0.4,0.6,0.6,0.8,0.6,0.6
236,0.4,0.6,0.8,0.6,0.6,0.6
237,1,1,0.4,1,1,1
238,0.8,1,1,1,1,1
239,1,0.6,1,0.6,0.4,1
240,0.4,0.2,0.2,0.6,0.4,0.4
241,0.4,0.6,0.8,0.6,0.6,0.8
242,1,1,1,1,1,1
243,0.8,0.6,0.4,0.8,0.4,0.4
244,0.4,0.6,0.6,0.6,0.2,0.6
245,0.2,0.4,0.4,0.6,0.6,0.4
246,0.2,0.2,0.2,0.4,0.2,0.6
247,1,0.8,0.8,1,0.8,0.8
248,0.4,1,1,1,1,1
249,0.2,0.4,0.4,1,0.2,0.6
250,0.2,0.4,0.6,1,0.2,0.4
251,0.2,0.2,0.2,0.6,0.2,0.6
252,0.6,0.4,0.8,0.6,0.8,0.6
253,0.8,0.6,1,0.2,0.6,0.2
254,1,0.8,1,0.8,0.8,0.8
255,0.4,1,0.8,1,0.2,0.8
256,0.6,0.2,0.2,0.6,0.2,0.2
257,0.4,0.6,0.8,1,0.6,0.6
258,1,1,1,1,1,1
259,0.8,0.8,0.8,0.6,1,0.8
260,0.2,0.2,0.2,0.6,0.2,0.2
261,1,0.8,0.8,1,1,0.8
262,1,0.8,0.8,0.8,0.8,1
263,0.6,1,0.2,0.4,0.2,0.4
264,0.4,0.2,0.2,0.8,0.6,0.2
265,0.2,1,1,1,0.4,0.6
266,0.6,0.8,0.8,0.2,0.4,0.4
267,0.8,0.6,0.2,0.8,0.4,0.6
268,0.8,0.8,1,1,0.6,0.6
269,0.4,0.2,0.2,0.8,0.2,0.2
270,1,0.8,1,1,1,1
271,0.4,0.6,1,0.4,0.4,0.8
272,0.6,0.8,0.4,0.8,0.2,0.6
273,0.8,0.6,0.4,1,0.2,0.6
274,0.8,1,0.8,0.8,1,1
275,0.8,0.8,1,1,0.8,1
276,1,1,1,1,1,1
277,0.6,0.4,0.4,0.4,0.4,0.4
278,0.6,0.8,0.8,1,0.6,0.8
279,0.8,0.6,1,0.4,0.2,0.6
280,0.6,0.8,0.6,0.6,0.6,0.6
281,0.8,0.8,0.8,1,0.8,0.8
282,1,1,1,1,1,1
283,0.8,0.8,0.6,0.6,0.6,0.8
284,0.6,0.8,0.8,1,0.6,0.6
285,0.6,0.8,0.6,0.6,0.6,0.6
286,1,1,1,1,1,1
287,0.2,0.4,0.4,0.6,0.2,0.4
288,0.2,0.4,0.4,0.6,0.2,0.4
289,0.6,0.2,0.4,0.6,0.6,0.4
290,0.4,0.6,0.6,0.8,0.2,0.4
291,0.6,0.6,0.4,0.8,0.4,0.6
292,0.2,0.6,1,0.6,0.4,0.6
293,0.4,0.6,0.6,1,0.4,0.6
294,0.8,1,1,0.6,0.6,1
295,0.6,0.4,0.4,0.4,0.4,0.4
296,0.6,0.4,0.4,0.6,0.4,0.4
297,0.6,1,1,0.6,0.4,0.6
298,0.6,0.6,0.6,0.8,0.4,0.6
299,0.4,0.6,1,0.6,0.8,0.6
300,0.8,0.2,1,0.6,0.2,0.6
301,0.2,0.2,0.2,0.2,0.2,0.2
302,1,1,1,1,1,1
303,0.8,0.8,1,1,0.6,1
304,0.6,0.8,1,0.8,0.8,1
305,1,0.6,1,1,0.4,0.8
306,0.6,0.8,0.8,1,0.6,0.8
307,0.8,1,0.6,0.8,0.6,0.8
308,0.2,0.2,0.8,0.6,0.2,0.4
309,0.6,0.8,0.6,0.4,0.2,0.6
310,0.2,0.4,0.2,0.2,0.2,0.2
311,1,1,0.6,1,1,0.8
312,0.6,1,1,0.8,0.8,0.8
313,0.8,0.8,1,1,1,1
314,0.8,1,0.8,1,1,1
315,0.8,1,1,1,1,1
316,0.2,0.2,0.8,0.6,0.2,0.4
317,0.2,0.2,0.2,0.2,0.2,0.2
318,1,1,0.8,1,1,1
319,0.2,0.2,0.2,0.2,0.2,0.2
320,0.6,1,1,0.8,1,1
321,0.6,0.6,0.8,0.6,0.6,0.8
322,0.4,0.6,0.8,0.8,0.6,0.8
323,0.8,1,1,1,1,1
324,0.2,0.2,0.6,0.4,0.2,0.4
325,0.4,0.4,0.4,0.6,0.4,0.4
326,0.2,0.2,0.2,0.4,0.2,0.2
327,1,1,1,1,1,1
328,0.6,0.8,0.8,0.8,0.8,0.6
329,0.4,0.4,0.8,1,0.2,0.6
330,0.2,0.4,0.2,0.6,0.2,0.2
331,1,1,0.8,0.8,0.8,1
332,0.6,1,0.8,1,1,1
333,1,0.8,1,1,0.8,1
334,1,1,1,1,1,1
335,0.8,1,0.8,1,1,1
336,0.6,1,1,1,0.8,1
337,0.6,1,0.6,1,0.8,0.8
338,0.4,1,1,1,0.4,0.6
339,0.2,0.2,0.6,0.6,0.6,0.6
340,0.4,1,1,0.6,1,0.8
341,0.8,0.8,0.8,1,0.8,0.8
342,0.6,0.4,0.4,0.8,0.2,0.4
343,0.2,0.2,0.2,0.8,0.2,0.2
344,0.2,0.2,0.2,0.2,0.2,0.2
345,1,1,1,1,1,0.8
346,0.6,0.2,0.2,0.6,0.2,0.4
347,1,0.8,1,0.8,1,0.8
348,0.8,0.8,0.8,0.8,0.8,0.8
349,0.6,0.2,0.2,0.6,0.2,0.4
350,0.4,0.8,1,0.8,0.6,0.8
351,0.6,0.8,1,0.6,0.8,1
352,0.6,0.8,1,0.6,0.8,0.8
353,1,1,1,1,1,0.8
354,0.8,0.8,1,1,0.8,0.8
355,1,0.4,0.6,1,0.6,0.6
356,0.8,1,1,0.8,0.6,1
357,0.8,1,1,0.6,1,1
358,0.8,1,1,1,1,1
359,0.6,0.8,1,1,0.8,1
360,0.8,1,1,1,1,1
361,0.2,0.2,1,1,0.8,0.2
362,0.2,0.2,1,1,0.8,0.2
363,0.6,0.6,1,1,0.8,0.8
364,0.8,0.6,1,0.8,1,0.8
365,0.6,0.8,1,0.6,1,0.8
366,1,0.8,1,1,0.8,0.8
367,0.8,0.8,1,0.6,0.6,0.8
368,0.6,0.8,0.8,0.6,0.6,0.8
369,0.4,0.2,0.4,0.8,0.2,0.4
370,1,0.8,0.8,1,0.8,1
371,0.8,1,1,1,0.8,1
372,0.6,0.8,1,1,1,1
373,0.4,0.2,0.8,1,0.2,0.4
374,0.6,0.6,0.8,0.8,0.2,0.4
375,0.6,0.6,0.8,0.8,0.2,0.4
376,0.8,1,1,1,1,1
377,0.8,0.8,0.8,0.8,0.8,0.8
378,0.6,0.8,1,0.8,0.8,0.8
379,0.8,1,0.6,1,0.6,1
380,0.2,0.6,0.8,0.4,0.8,0.4
381,0.8,1,0.8,1,0.8,0.8
382,0.8,0.8,0.8,0.8,0.8,0.8
383,0.8,0.4,0.8,0.8,0.2,0.6
384,0.8,0.8,0.2,1,0.6,0.8
385,0.6,1,0.8,0.8,0.8,0.8
386,0.8,1,1,0.8,0.8,0.8
387,0.2,0.6,0.6,0.6,0.4,0.6
388,0.2,0.2,0.2,0.2,0.2,0.2
389,0.8,0.8,0.8,0.8,0.8,0.8
390,0.6,0.4,0.4,0.6,0.2,0.2
391,0.2,0.2,0.2,0.2,0.2,0.2
392,0.4,0.4,0.8,0.8,0.6,0.8
393,0.6,0.8,0.6,0.8,0.8,0.6
394,0.4,0.2,0.6,0.8,0.2,0.2
395,0.2,0.2,0.2,0.2,0.2,0.2
396,1,1,1,1,1,1
397,0.2,0.6,0.6,1,0.4,0.6
398,0.6,0.6,0.6,0.6,0.6,0.6
399,0.2,0.6,0.4,0.4,0.2,0.2
400,1,1,1,1,1,1
401,0.4,0.4,0.8,0.6,0.6,0.6
402,0.6,0.2,0.4,0.6,0.4,0.4
403,0.2,0.2,0.2,0.2,0.2,0.2
404,0.8,0.8,1,0.8,0.8,0.8
405,0.4,0.8,0.6,0.6,0.2,0.6
406,0.4,0.2,0.2,0.2,0.6,0.2
407,1,1,1,1,1,1
408,1,1,1,1,1,1
409,0.6,0.2,0.6,1,0.2,0.4
410,0.8,0.8,0.8,0.8,0.8,0.8
411,0.4,0.4,0.8,0.8,0.6,0.6
412,0.4,0.6,0.8,0.8,0.4,0.6
413,0.2,0.2,0.2,0.4,0.2,0.2
414,0.4,0.2,0.4,1,0.2,0.4
415,0.8,0.6,0.6,0.6,0.6,0.8
416,1,1,1,1,1,1
417,0.2,0.2,0.4,0.6,0.4,0.4
418,0.4,1,0.2,0.8,0.6,0.6
419,0.2,0.4,0.4,0.8,0.4,0.4
420,0.8,0.8,0.8,0.8,0.8,0.8
421,0.6,1,0.4,1,0.6,0.6
422,0.2,0.4,0.6,1,0.4,0.6
423,1,0.4,0.8,0.8,0.4,0.6
424,0.6,0.6,0.6,0.8,0.8,0.6
425,0.2,0.2,0.2,0.2,0.2,0.2
426,0.6,0.8,0.8,0.8,0.6,0.8
427,0.4,0.4,0.4,0.4,0.2,0.4
428,0.4,0.2,0.4,0.6,0.2,0.6
429,0.6,0.8,0.6,0.8,0.6,0.6
430,1,1,1,1,1,1
431,0.8,0.2,0.8,0.8,0.8,0.8
432,0.6,0.4,1,0.6,0.4,0.8
433,1,1,1,1,1,0.8
434,1,0.8,1,1,0.8,1
435,0.2,0.2,0.2,0.2,0.2,0.2
436,0.2,0.2,0.4,0.4,0.4,0.4
437,0.8,0.8,0.8,0.8,0.8,0.8
438,0.8,0.2,0.4,0.6,0.2,0.6
439,0.4,0.6,0.4,0.8,0.2,0.2
440,0.6,0.6,0.8,1,1,0.8
441,0.6,0.6,0.8,1,0.6,0.6
442,0.2,0.2,0.2,0.4,0.2,0.2
443,0.2,0.4,0.6,0.4,0.4,0.4
444,1,1,1,1,1,1
445,0.6,0.8,0.6,1,0.8,0.2
446,0.4,0.8,0.4,0.4,0.2,0.4
447,0.6,1,0.6,1,0.4,0.4
448,0.4,0.2,0.6,0.8,0.2,0.4
449,1,0.8,0.6,0.8,0.6,0.8
450,0.6,0.8,0.6,0.8,0.6,0.8
451,0.6,0.8,0.8,0.8,1,0.8
452,0.4,0.6,0.8,0.6,0.8,0.8
453,1,1,1,1,1,1
454,0.6,0.2,0.6,0.8,0.2,0.4
455,0.4,0.6,1,1,0.8,0.8
456,0.2,0.2,0.2,0.8,0.2,0.8
457,0.2,0.2,0.2,0.2,0.2,0.2
458,0.8,0.8,1,0.6,0.8,0.8
459,0.8,0.6,1,0.8,0.8,0.8
460,0.4,0.4,0.4,0.6,0.4,0.4
461,0.6,0.8,0.8,1,0.6,1
462,0.4,0.2,0.2,0.4,0.2,0.2
463,0.8,0.8,0.8,0.8,0.6,0.8
464,0.4,0.8,0.6,0.6,0.6,0.8
465,1,0.8,1,1,0.8,1
466,1,0.8,1,1,0.6,1
467,0.2,0.2,0.2,0.6,0.2,0.2
468,1,1,1,1,1,1
469,1,0.4,0.2,0.4,0.2,0.2
470,0.6,0.6,0.6,0.6,0.6,0.8
471,0.4,1,0.8,0.8,1,0.8
472,0.6,0.8,0.8,0.8,0.6,0.6
473,0.8,1,0.8,0.6,0.8,1
474,0.6,0.6,0.4,0.8,0.4,0.6
475,0.8,0.8,0.6,1,0.4,0.6
476,1,0.6,0.2,1,0.8,0.6
477,0.4,0.6,0.6,1,0.4,0.8
478,0.2,0.2,0.2,0.6,0.2,1
479,1,1,1,1,1,1
480,1,1,1,1,1,1
481,0.2,0.2,0.2,0.2,0.2,0.2
482,0.8,0.8,0.8,0.8,0.6,1
483,0.4,0.8,0.8,1,0.4,0.8
484,0.8,1,0.8,0.8,0.8,0.8
485,0.4,1,0.6,0.4,1,0.4
486,0.8,0.2,0.4,0.6,0.2,0.6
487,0.6,0.4,0.4,0.6,0.2,0.6
488,0.8,0.8,0.6,1,0.4,0.6
489,0.6,0.8,1,0.6,0.6,1
490,0.2,0.2,0.4,0.8,0.2,0.4
491,0.6,0.2,0.6,0.6,0.4,0.4
492,0.2,0.2,0.2,0.2,0.2,0.2
493,0.8,1,1,0.8,0.6,1
494,0.2,0.4,0.4,0.6,0.4,0.6
495,0.6,0.8,0.4,0.8,0.4,0.6
496,0.6,1,1,0.8,0.8,0.8
497,0.4,1,1,0.8,1,0.8
498,0.8,0.6,0.8,0.8,0.6,0.8
499,0.2,0.2,0.2,0.6,0.2,0.2
500,0.8,1,1,1,0.8,1
501,0.2,0.6,0.4,1,0.4,0.6
502,0.2,0.4,1,0.6,1,1
503,0.4,0.6,1,1,0.6,0.4
504,1,0.6,0.6,0.8,0.8,1
505,0.4,0.2,0.2,0.4,0.2,0.4
506,0.6,0.6,0.8,0.8,0.6,0.8
507,0.2,0.4,0.2,0.8,0.2,0.2
508,0.4,1,1,0.8,1,1
509,0.2,0.6,1,0.8,0.4,0.4
510,0.4,0.8,0.8,1,0.6,0.8
511,0.2,0.2,0.6,0.6,0.2,0.6
512,0.4,0.4,0.4,0.8,0.2,0.6
513,0.4,0.2,0.6,0.4,0.2,0.2
514,0.6,0.8,1,0.6,0.8,1
515,0.8,0.8,1,0.8,0.8,1
516,0.6,1,0.8,1,0.8,0.8
517,0.4,1,1,0.6,0.8,0.6
518,1,1,1,1,1,1
519,0.4,1,1,1,1,0.8
520,0.6,1,0.6,1,0.6,0.8
521,0.6,0.6,0.6,0.8,0.6,0.8
522,1,1,1,1,1,1
523,0.6,1,0.4,0.4,0.4,0.6
524,0.2,0.2,0.4,0.6,0.2,0.2
525,0.6,0.8,0.2,0.2,0.2,0.6
526,0.4,0.4,0.4,0.4,0.2,0.4
527,0.8,1,0.8,1,1,0.6
528,0.4,0.4,0.8,0.6,0.2,0.6
529,0.8,0.8,0.4,0.6,0.8,0.6
530,0.6,0.8,1,0.8,0.6,0.8
531,0.6,0.8,0.8,0.8,0.6,0.8
532,0.8,0.8,0.6,0.8,0.6,0.6
533,0.8,0.6,0.6,1,0.4,0.8
534,1,1,1,0.8,1,1
535,1,1,0.8,0.8,0.8,1
536,0.6,0.2,1,0.8,0.4,0.2
537,0.4,0.4,0.4,0.4,0.4,0.4
538,1,0.6,0.6,0.4,0.4,0.6
539,1,1,0.4,0.8,1,1
540,1,0.8,0.6,1,0.8,0.8
541,0.4,0.8,1,1,0.8,0.6
542,0.8,0.4,0.6,0.4,0.4,0.6
543,0.2,0.2,0.2,0.2,0.2,0.2
544,0.6,1,0.8,0.8,0.6,0.8
545,1,1,1,1,0.8,1
546,0.8,1,1,0.8,0.8,1
547,1,1,1,0.6,1,1
548,0.4,0.4,0.4,0.8,0.4,0.4
549,0.6,0.4,0.2,1,0.2,0.4
550,0.4,0.4,0.8,0.8,0.6,0.4
551,0.6,0.6,0.4,0.8,0.2,0.4
552,1,1,1,1,1,1
553,0.4,0.4,0.8,0.4,0.6,0.8
554,0.4,0.4,0.8,0.4,0.6,0.8
555,0.4,0.4,0.4,1,0.4,0.6
556,0.4,0.4,0.2,0.6,0.4,0.2
557,1,1,0.8,1,1,1
558,0.8,1,1,1,0.6,1
559,0.4,0.6,0.2,0.8,0.4,0.4
560,0.2,0.4,1,1,1,0.2
561,0.6,0.6,0.8,0.4,0.4,0.6
562,0.6,1,1,0.6,0.8,0.8
563,0.8,0.8,0.6,1,0.8,1
564,0.6,1,1,1,0.8,1
565,1,1,0.6,0.8,1,1
566,0.8,0.4,0.4,0.6,0.4,0.4
567,0.6,0.4,0.6,0.8,0.4,0.6
568,1,0.2,0.2,1,1,0.2
569,0.4,0.8,1,0.8,0.8,1
570,0.8,0.8,1,0.8,0.6,0.8
571,0.6,0.8,0.4,1,0.4,0.6
572,1,1,1,1,1,1
573,0.4,0.2,0.4,0.2,0.4,0.4
574,0.4,0.2,0.2,0.2,0.2,0.2
575,1,1,1,1,1,1
576,0.8,0.8,1,0.8,0.6,0.8
577,0.2,0.2,0.2,0.8,0.2,0.2
578,0.4,0.2,0.2,0.4,1,0.2
579,0.4,1,1,0.6,0.2,0.8
580,1,1,1,1,1,1
581,0.4,1,1,1,0.6,1
582,0.8,0.8,0.8,0.6,0.4,0.6
583,0.6,0.4,0.8,0.6,0.6,0.6
584,1,1,1,1,1,1
585,1,1,1,1,1,1
586,0.2,0.6,0.4,0.4,0.6,0.4
587,0.2,0.2,0.2,0.6,0.2,0.2
588,0.2,0.2,0.2,0.8,0.2,0.2
589,0.2,0.2,0.2,0.2,0.2,0.2
590,0.8,1,1,1,1,1
591,0.6,1,1,1,0.8,1
592,0.2,1,0.2,0.4,0.8,0.4
593,0.2,0.2,0.2,0.8,0.2,0.2
594,0.6,0.6,0.8,0.8,1,1
595,1,0.8,0.8,1,0.8,0.8
596,0.8,1,1,1,0.8,1
597,0.2,0.2,0.6,0.2,0.6,0.4
598,0.4,0.8,0.8,1,0.2,0.4
599,1,1,0.8,1,1,1
600,0.8,0.8,1,0.2,0.8,0.8
601,0.4,0.4,0.8,0.8,0.2,0.6
602,0.2,0.2,0.2,0.2,0.2,0.2
603,0.4,0.6,0.6,1,0.4,0.4
604,0.2,0.2,0.2,0.2,0.2,0.2
605,0.8,1,1,0.8,1,0.8
606,0.8,0.4,0.4,0.4,0.2,0.4
607,1,1,0.6,0.4,0.6,0.6
608,0.6,1,0.4,0.6,0.2,0.8
609,0.6,0.4,0.6,0.8,0.4,0.4
610,0.2,0.2,0.2,0.6,0.2,0.2
611,0.6,1,0.6,1,1,0.8
612,0.6,0.8,0.8,1,0.6,0.8
613,0.6,0.4,0.8,0.8,0.4,0.6
614,0.8,1,0.6,1,0.6,0.6
615,1,1,1,1,1,1
616,0.6,0.4,0.8,1,0.2,0.4
617,0.6,1,1,1,1,1
618,0.6,0.2,0.4,1,0.4,0.6
619,1,0.6,1,1,0.4,1
620,0.2,0.6,0.6,0.2,0.4,0.2
621,0.6,0.6,0.8,0.6,0.4,0.8
622,0.8,0.8,1,1,0.8,0.8
623,0.6,0.6,0.6,0.6,0.6,0.6
624,0.4,0.8,1,1,0.4,0.6
625,1,1,1,1,1,1
626,1,1,1,1,1,1
627,1,0.6,0.8,1,0.6,1
628,0.8,1,1,0.8,0.8,1
629,0.2,0.2,0.4,0.4,0.2,0.2
630,0.8,0.8,0.2,0.8,0.4,0.8
631,0.8,0.8,1,0.8,0.8,1
632,0.4,0.4,0.6,1,0.4,0.8
633,0.6,0.2,0.4,1,0.2,0.6
634,0.8,1,0.8,0.6,0.4,0.8
635,0.6,0.6,1,1,0.6,1
636,0.6,0.8,0.8,0.8,0.6,0.8
637,0.6,0.8,1,1,1,0.6
638,0.4,0.4,0.4,0.4,0.4,1
639,0.8,0.6,0.8,0.6,0.8,0.8
640,0.6,0.6,0.6,0.6,0.6,0.6
641,0.8,1,1,0.6,0.6,1
642,0.4,1,1,0.8,0.8,1
643,0.4,0.6,0.4,0.6,0.4,0.4
644,0.2,0.6,0.2,0.4,0.2,0.4
645,1,1,1,1,1,1
646,1,1,0.4,0.8,0.6,0.2
647,1,1,0.8,0.8,1,0.8
648,0.6,0.8,0.6,1,0.6,0.6
649,0.8,1,1,0.8,1,1
650,0.6,0.8,1,0.6,1,1
651,0.8,0.8,1,1,0.8,1
652,0.2,0.2,0.6,1,0.2,0.2
653,0.8,1,1,1,0.4,1
654,0.6,0.8,1,1,0.6,0.8
655,0.4,0.6,1,1,0.4,0.6
656,0.4,0.4,0.8,0.8,0.2,0.6
657,0.8,0.8,0.8,0.8,0.8,0.8
658,0.6,0.8,0.8,0.8,0.6,0.8
659,1,1,1,1,1,1
660,1,0.2,0.4,0.8,0.4,0.8
661,0.6,0.6,0.6,0.6,0.6,0.8
662,0.6,0.8,0.8,0.4,0.6,0.6
663,1,1,0.8,0.8,0.8,1
664,1,1,1,1,1,1
665,0.2,0.2,0.2,0.6,0.2,0.4
666,1,0.4,0.6,0.6,0.4,0.6
667,0.2,0.2,0.2,0.2,0.2,0.2
668,0.8,0.6,0.6,0.6,0.6,0.4
669,0.4,1,0.6,0.8,1,0.8
670,0.6,0.2,0.6,0.8,0.6,0.8
671,0.6,0.8,0.4,0.6,0.4,0.6
672,0.4,0.6,0.4,0.4,0.4,0.6
673,1,0.8,0.8,1,0.8,0.4
674,0.6,0.6,0.8,1,0.6,0.8
675,0.8,0.6,0.6,0.6,0.6,0.8
676,0.2,0.2,0.4,0.8,0.8,0.4
677,0.6,0.8,0.4,0.2,0.6,0.2
678,0.8,0.8,1,1,1,1
679,0.2,1,1,0.8,1,0.8
680,0.8,0.6,1,1,0.6,1
681,0.8,1,1,1,1,1
682,0.6,1,0.8,1,0.6,0.8
683,0.2,0.6,0.6,0.6,0.6,0.8
684,0.2,0.6,0.6,0.6,0.6,0.8
685,0.2,0.6,1,0.8,0.8,0.8
686,0.6,0.8,0.6,1,0.8,1
687,0.4,0.6,0.8,0.6,0.4,0.4
688,0.2,0.2,0.2,0.2,0.2,0.2
689,1,0.2,0.4,0.6,0.2,0.6
690,0.2,1,1,0.8,0.6,1
691,0.6,1,1,0.8,0.8,1
692,0.4,0.8,0.4,0.8,0.8,0.4
693,0.2,0.8,0.8,0.4,0.4,0.4
694,0.2,0.2,0.6,0.2,0.4,0.2
695,0.4,0.2,0.2,0.2,0.2,0.2
696,0.4,0.2,0.2,0.2,0.2,0.2
697,0.4,0.4,0.2,0.6,0.2,0.4
698,0.2,0.8,0.6,1,0.8,0.4
699,0.4,0.4,0.2,1,0.4,0.2
700,0.6,0.6,0.6,0.6,0.6,0.6
701,0.4,0.2,0.6,0.4,0.2,0.6
702,0.2,0.4,0.4,0.6,0.2,0.4
703,0.4,0.8,0.6,0.8,0.8,0.8
704,0.4,0.4,0.4,1,0.4,0.8
705,0.2,0.4,0.6,0.6,0.6,0.6
706,1,1,0.8,0.8,1,1
707,0.8,0.8,0.8,1,0.8,1
708,0.6,0.6,0.8,0.8,0.8,1
709,0.8,1,1,1,0.8,0.8
710,0.2,0.4,0.4,0.4,0.4,0.2
711,0.2,0.4,0.6,0.6,0.6,0.6
712,0.8,0.8,0.6,1,0.4,0.6
713,0.4,0.6,0.6,0.4,0.4,0.6
714,0.6,0.4,1,0.8,1,0.8
715,0.2,0.6,0.6,0.8,0.6,0.4
716,0.4,0.8,0.6,0.6,0.4,0.4
717,0.8,0.6,0.2,0.6,0.4,0.6
718,0.6,0.2,0.8,1,0.4,0.6
719,0.6,0.2,0.8,1,0.4,0.6
720,1,1,1,1,1,1
721,0.6,0.2,0.8,1,0.2,0.8
722,0.8,0.8,1,0.8,0.8,1
723,0.2,0.2,0.2,1,0.2,0.2
724,0.4,0.8,1,1,0.8,0.8
725,0.6,0.8,0.4,0.6,0.6,0.6
726,0.2,0.2,0.2,0.6,0.2,0.2
727,1,0.2,0.2,0.4,0.4,0.2
728,0.2,0.2,0.4,0.4,0.6,0.2
729,1,1,1,1,1,1
730,0.4,0.6,0.8,0.8,0.6,0.8
731,1,0.8,0.2,1,0.6,0.8
732,0.6,0.8,0.8,1,0.8,1
733,0.2,0.2,0.4,0.8,0.2,0.4
734,1,0.8,1,1,0.8,1
735,0.8,1,0.8,1,0.6,0.8
736,1,1,1,1,1,1
737,1,1,1,1,1,1
738,1,0.2,1,1,0.2,0.4
739,0.6,1,0.8,0.8,1,0.8
740,0.2,0.6,0.6,0.8,0.6,0.8
741,0.6,0.6,0.6,1,0.4,0.6
742,1,0.8,0.4,0.4,0.4,0.6
743,0.6,0.4,0.6,0.4,0.4,0.4
744,0.6,0.6,0.6,0.6,0.6,0.8
745,0.6,0.4,0.8,0.6,0.6,0.6
746,0.6,0.8,0.6,1,0.6,0.6
747,0.2,0.2,0.4,0.6,0.2,0.2
748,1,1,1,0.8,1,1
749,0.6,0.2,0.2,0.6,0.2,0.4
750,0.2,0.2,1,1,0.4,0.2
751,0.2,0.2,0.2,0.8,0.2,0.2
752,0.2,0.2,0.2,1,0.2,0.6
753,0.8,0.8,0.4,0.8,0.4,0.6
754,0.6,0.2,0.2,0.2,0.4,0.2
755,0.8,0.8,1,1,0.6,0.8
756,0.6,0.8,0.6,0.8,0.8,0.6
757,0.2,0.6,0.2,0.6,0.2,0.2
758,0.2,0.6,0.8,0.8,0.4,0.8
759,0.2,0.2,0.6,0.4,0.2,0.6
760,0.4,0.4,0.6,0.8,0.8,0.6
761,1,1,1,1,1,1
762,0.2,0.2,0.6,0.2,0.4,0.2
763,0.4,0.4,0.6,0.4,0.4,0.4
764,0.2,0.2,0.2,0.2,0.2,0.2
765,0.2,0.2,1,0.8,0.2,0.4
766,0.4,0.4,0.6,0.6,0.2,0.6
767,0.4,0.4,0.6,0.8,0.4,0.6
768,0.4,0.2,0.2,1,0.2,1
769,0.4,0.6,0.6,0.8,0.4,0.4
770,0.6,1,1,1,1,1
771,0.8,1,1,0.8,1,1
772,0.8,1,1,0.8,0.8,1
773,0.8,1,0.8,1,0.4,0.8
774,1,1,0.6,1,1,0.8
775,0.4,0.6,1,0.6,0.8,0.6
776,0.6,0.6,0.6,0.6,0.6,0.6
777,0.2,0.8,0.2,0.8,0.6,0.6
778,0.6,1,1,1,1,1
779,0.2,0.2,0.4,0.4,0.6,0.4
780,0.6,0.6,0.8,0.6,0.8,0.8
781,0.6,0.6,0.8,0.6,0.8,0.6
782,0.8,1,1,1,0.6,1
783,0.6,1,1,0.6,1,1
784,0.2,0.2,0.2,0.8,0.2,0.4
785,0.2,0.2,0.6,0.6,0.2,0.4
786,0.8,0.8,1,1,0.8,1
787,1,1,1,1,1,1
788,0.6,0.4,0.2,0.2,0.2,0.4
789,0.2,0.2,0.2,0.2,0.2,0.2
790,1,1,1,1,1,1
791,1,1,0.6,0.8,1,1
792,1,1,1,1,1,1
793,1,0.2,0.2,0.6,0.4,0.2
794,0.2,0.6,0.6,0.4,0.4,0.6
795,0.2,0.6,0.6,0.4,0.4,0.6
796,0.2,0.2,0.2,0.6,0.2,0.2
797,0.2,0.2,0.2,0.6,0.2,0.4
798,0.2,1,0.8,0.6,0.8,0.8
799,0.6,0.6,0.8,1,0.6,0.8
800,0.2,0.2,0.4,0.4,0.2,0.2
801,0.6,0.8,0.8,0.8,0.8,0.8
802,0.4,1,0.8,0.6,0.8,0.8
803,0.8,0.8,0.6,0.6,0.4,0.8
804,0.4,0.4,0.6,0.6,0.6,0.8
805,0.6,1,1,0.8,0.8,1
806,0.8,0.2,0.2,0.2,0.2,0.2
807,0.8,1,1,0.8,1,1
808,0.8,0.6,0.8,0.8,0.6,0.8
809,0.8,0.8,0.8,0.8,0.8,0.8
810,0.8,0.6,0.6,0.4,0.4,0.6
811,1,1,1,1,1,1
812,1,1,1,1,1,1
813,0.6,1,0.8,0.8,0.8,1
814,0.6,0.2,0.2,0.8,0.2,0.4
815,1,1,1,1,1,1
816,0.2,1,0.6,1,1,0.6
817,0.8,0.8,0.8,0.8,0.8,0.8
818,1,0.8,0.6,0.8,0.8,0.8
819,0.6,1,1,0.4,1,0.6
820,1,1,1,1,1,1
821,0.6,1,1,0.6,0.4,1
822,1,1,1,1,1,1
823,1,0.8,0.4,0.8,0.4,0.6
824,0.8,1,1,1,0.8,1
825,0.2,0.2,0.2,0.2,0.2,0.2
826,0.4,0.6,1,1,0.4,0.6
827,0.2,0.4,0.8,0.8,1,0.6
828,0.2,0.4,0.2,0.8,0.2,0.4
829,0.6,0.2,0.2,0.6,0.2,0.2
830,0.6,0.2,0.2,0.6,0.2,0.2
831,0.2,0.2,0.2,0.2,0.2,0.2
832,0.4,0.6,0.8,0.6,0.4,0.8
833,0.6,0.2,1,0.4,0.6,0.4
834,0.2,0.4,0.4,0.8,0.2,0.6
835,0.2,0.2,0.2,0.6,0.4,0.2
836,0.8,1,1,1,1,1
837,1,1,0.8,0.6,1,1
838,0.2,0.2,0.4,0.4,0.2,0.2
839,0.4,1,0.6,0.8,0.4,0.8
840,0.6,0.8,0.8,1,0.6,0.6
841,0.2,0.4,1,1,0.6,0.6
842,0.4,0.2,0.2,0.8,0.2,0.2
843,1,1,1,0.8,1,1
844,0.6,0.6,0.6,0.6,0.6,0.6
845,0.8,1,1,0.8,0.8,1
846,1,1,1,1,1,1
847,0.6,1,0.4,0.6,0.8,1
848,0.8,1,1,1,1,1
849,0.8,0.8,1,0.6,0.8,1
850,1,1,1,1,1,1
851,0.8,1,1,1,1,1
852,0.8,1,0.8,1,1,1
853,0.2,0.2,0.4,0.6,0.2,0.2
854,0.2,0.2,0.2,0.6,0.2,0.2
855,0.2,0.2,0.4,0.4,0.2,0.2
856,0.4,0.6,0.8,0.8,0.4,0.8
857,1,0.2,0.6,1,0.2,0.6
858,0.4,0.6,0.6,0.6,0.6,0.6
859,1,0.2,0.2,0.2,0.2,0.2
860,1,1,1,1,1,1
861,0.2,0.6,0.8,0.8,0.8,0.6
862,0.6,0.4,0.8,0.8,0.6,0.8
863,0.4,0.8,0.8,0.8,0.6,0.8
864,0.2,0.6,0.8,0.6,0.6,0.6
865,0.6,0.4,0.8,0.6,0.4,0.6
866,0.2,0.2,0.2,0.2,0.2,0.2
867,0.4,1,0.8,0.6,1,0.8
868,0.4,0.2,0.4,0.4,0.2,0.2
869,0.2,0.2,0.4,0.2,0.2,0.2
870,0.8,1,1,1,0.8,1
871,1,0.4,0.2,0.4,0.4,0.4
872,0.6,0.6,0.6,0.8,0.4,0.8
873,1,1,0.8,0.4,0.4,0.8
874,0.6,0.6,0.8,0.8,0.6,0.6
875,0.8,0.2,0.2,0.4,0.2,0.4
876,0.4,0.8,0.6,0.8,1,0.6
877,0.6,0.8,1,0.6,0.8,1
878,1,0.4,0.4,0.4,0.6,0.6
879,0.8,0.8,1,0.6,0.2,1
880,0.2,0.2,0.2,0.6,0.2,0.4
881,1,0.4,0.6,0.8,0.6,0.4
882,0.8,1,1,1,1,1
883,1,1,1,1,1,1
884,0.8,0.8,1,1,0.8,0.8
885,0.4,0.4,0.2,0.6,0.2,0.6
886,1,1,1,1,1,1
887,0.8,0.8,1,0.8,0.8,1
888,1,1,1,1,1,1
889,0.8,0.8,1,0.6,0.6,1
890,1,0.6,0.2,0.6,0.6,1
891,1,0.8,1,0.8,1,1
892,0.4,0.4,0.8,0.8,0.6,0.4
893,0.8,1,1,1,1,1
894,0.2,0.6,0.8,0.8,0.6,0.4
895,0.6,0.8,0.8,1,1,0.8
896,0.2,0.6,0.6,0.8,0.6,0.6
897,0.2,0.2,0.2,0.2,0.2,0.2
898,0.8,0.8,1,0.8,0.8,0.8
899,1,1,1,1,1,1
900,0.8,1,0.6,0.6,0.8,1
901,0.2,0.6,0.6,0.8,0.6,0.6
902,0.6,0.8,0.8,0.6,0.6,0.6
903,0.6,0.8,0.8,0.6,0.6,0.6
904,0.2,0.2,0.2,0.8,0.2,0.2
905,0.4,0.4,0.6,1,0.2,0.4
906,0.8,0.6,0.4,0.6,0.6,0.6
907,0.6,0.8,0.6,0.8,0.8,0.8
908,0.8,1,1,0.4,0.8,1
909,0.6,0.2,0.2,0.6,0.2,0.2
910,0.8,0.8,0.8,0.8,0.8,0.8
911,0.6,1,1,1,0.6,1
912,1,1,1,1,1,1
913,1,1,1,1,0.8,1
914,0.2,0.2,0.6,1,1,0.4
915,0.2,0.2,0.8,0.8,0.6,0.4
916,0.2,0.2,0.4,0.4,0.2,0.2
917,1,1,1,1,1,1
918,0.8,0.8,1,0.8,0.8,0.8
919,0.8,0.6,1,0.8,0.6,0.8
920,0.4,0.4,1,1,0.4,0.8
921,0.6,0.4,0.6,0.8,0.2,0.4
922,0.8,0.8,0.8,0.8,0.8,0.6
923,0.8,0.6,0.8,1,0.6,0.8
924,0.8,0.8,0.6,0.6,0.8,0.8
925,0.2,0.2,0.6,1,0.2,0.6
926,0.6,0.8,1,1,1,1
927,1,0.8,0.8,0.6,0.8,0.8
928,0.4,0.6,0.8,0.8,0.6,0.6
929,0.2,0.4,0.2,0.6,0.2,0.2
930,0.6,1,1,0.6,0.6,1
931,0.8,0.8,1,1,0.8,1
932,0.8,1,1,0.8,0.6,1
933,0.8,0.8,1,0.8,0.8,0.8
934,0.8,0.8,0.8,1,0.4,0.6
935,0.2,0.2,0.6,0.4,0.2,0.2
936,0.8,0.8,1,1,0.8,1
937,0.4,0.2,0.2,0.6,0.2,0.2
938,0.2,1,0.2,0.4,0.2,0.2
939,0.6,0.8,0.8,1,1,0.8
940,0.6,0.4,0.6,0.6,0.4,0.8
941,0.6,1,1,1,1,0.8
942,0.2,0.2,0.2,0.6,0.2,0.2
943,0.8,0.8,0.8,0.8,0.8,1
944,0.8,0.2,0.4,0.6,0.4,0.4
945,0.8,0.8,1,0.8,0.8,1
946,0.8,0.8,1,0.8,0.8,1
947,0.8,1,1,1,1,1
948,0.6,0.6,0.6,1,0.4,0.6
949,0.4,1,0.6,0.4,1,1
950,0.8,1,1,1,0.8,1
951,0.6,0.4,0.4,0.8,0.2,0.2
952,0.8,1,1,1,1,1
953,0.6,0.6,1,0.6,0.6,0.6
954,0.6,0.4,0.8,0.6,0.4,0.6
955,0.2,0.6,0.4,0.2,0.4,0.6
956,0.6,0.4,0.4,0.6,0.2,0.4
957,0.6,0.8,0.4,0.8,0.6,0.6
958,0.6,1,1,1,0.8,1
959,0.2,0.2,0.2,0.2,0.2,0.2
960,0.8,0.8,0.8,0.8,0.8,0.8
961,0.2,0.6,0.8,0.6,0.2,0.6
962,0.2,0.4,0.6,1,0.2,0.6
963,0.2,0.2,0.6,0.4,0.2,0.2
964,0.8,1,1,1,1,1
965,0.8,1,1,1,0.8,1
966,0.8,1,1,0.8,1,1
967,1,1,1,1,1,1
968,0.2,0.8,1,0.8,1,1
969,0.8,1,1,0.8,1,1
970,0.8,1,1,1,0.8,0.8
971,0.6,0.8,1,0.6,1,0.8
972,0.4,0.2,0.8,0.8,0.6,0.6
973,0.4,0.6,0.8,0.8,0.8,0.6
974,0.2,0.2,0.2,0.4,0.2,0.2
975,1,1,1,1,1,1
976,0.4,0.6,0.4,0.2,0.2,1
977,0.2,0.4,1,1,1,0.4
978,1,0.6,0.2,0.4,0.2,0.2
979,0.2,0.2,0.2,0.2,0.4,0.6
980,1,1,0.8,0.8,0.8,1
981,0.2,0.6,0.4,0.2,0.2,0.4
982,0.4,0.4,0.6,1,0.8,0.8
983,0.8,0.4,0.4,1,0.2,0.4
984,0.6,1,1,1,0.8,1
985,0.4,1,0.8,0.8,0.8,1
986,0.6,0.6,0.2,1,0.2,0.4
987,1,1,1,1,1,1
988,0.8,1,1,1,1,1
989,0.8,0.8,1,1,1,1
990,1,1,0.6,0.6,0.6,0.6
991,0.6,0.4,0.4,1,0.2,0.6
992,0.6,1,0.6,1,0.8,0.6
993,0.8,0.6,0.4,0.6,0.6,0.6
994,0.6,0.2,0.2,0.6,0.6,0.2
995,0.4,0.6,1,1,0.4,0.6
996,0.4,0.8,0.4,0.8,0.4,0.4
997,0.6,0.6,0.6,0.6,0.6,1
998,1,0.8,0.8,1,0.8,0.8
999,0.2,0.2,0.2,0.2,0.2,0.2
1000,0.8,1,1,1,1,0.6
1001,0.2,0.2,1,1,0.2,0.2
1002,0.8,1,1,0.8,0.8,1
1003,1,0.8,1,1,0.6,1
1004,1,1,1,1,1,1
1005,1,1,1,1,1,1
1006,1,1,1,1,1,1
1007,0.8,0.8,1,1,0.8,1
1008,0.8,0.8,1,1,0.8,1
1009,0.6,0.8,0.8,0.6,0.6,0.8
1010,0.2,0.6,0.6,0.8,0.6,0.8
1011,0.8,0.6,0.4,0.4,0.6,0.6
1012,0.6,0.2,0.4,0.6,0.2,0.6
1013,0.8,0.2,0.2,1,0.2,0.8
1014,0.8,0.8,0.8,1,0.6,0.8
1015,0.8,0.8,0.8,0.8,0.8,0.8
1016,0.8,0.6,0.4,0.4,0.6,0.4
1017,0.2,0.2,0.2,0.2,0.2,0.2
1018,0.2,0.2,0.4,0.6,0.2,0.2
1019,0.6,0.6,0.6,0.6,0.6,0.2
1020,0.6,0.8,0.8,0.8,0.8,0.8
1021,0.8,0.8,0.6,0.8,0.6,0.8
1022,1,0.4,0.8,0.6,1,0.6
1023,0.2,0.2,0.4,0.4,0.2,0.2
1024,1,1,0.6,0.8,1,0.8
1025,0.8,0.8,0.8,0.6,1,0.8
1026,0.8,1,1,1,0.8,0.8
1027,0.2,0.8,0.6,0.6,0.6,0.8
1028,0.2,0.2,0.2,0.6,0.2,0.4
1029,0.8,1,1,1,1,1
1030,1,1,1,0.8,1,1
1031,0.8,0.8,0.6,0.6,0.6,1
1032,0.4,0.2,0.4,0.4,0.2,0.4
1033,1,1,1,1,1,1
1034,0.4,0.4,0.2,0.8,0.4,0.4
1035,1,0.2,0.6,1,0.2,0.4
1036,0.6,1,1,1,0.8,1
1037,0.4,0.6,0.6,0.6,0.2,0.6
1038,0.6,0.4,0.4,0.6,0.6,0.6
1039,0.8,1,1,1,1,0.8
1040,1,0.8,1,1,0.8,1
1041,1,1,1,1,1,1
1042,0.2,0.2,0.4,0.4,0.2,0.4
1043,1,0.6,0.8,1,0.8,0.8
1044,1,0.6,0.8,1,1,1
1045,0.6,1,0.8,0.8,0.8,1
1046,0.8,1,1,1,0.8,1
1047,0.8,1,1,0.6,0.8,1
1048,1,1,0.8,1,1,1
1049,1,1,0.8,1,1,1
1050,0.8,1,1,1,1,1
1051,0.2,0.6,0.2,0.8,0.2,0.4
1052,0.2,0.2,0.4,0.2,0.2,0.2
1053,0.8,0.8,1,0.6,1,0.8
1054,0.8,0.8,0.6,0.6,0.8,0.8
1055,1,1,1,1,1,1
1056,0.2,0.2,0.2,0.2,0.2,0.2
1057,1,0.2,0.2,0.4,0.4,0.2
1058,0.8,0.6,0.4,0.4,0.6,0.4
1059,1,1,1,0.8,1,1
1060,0.6,0.6,0.6,0.6,0.6,0.6
1061,0.4,0.4,0.8,0.6,0.4,0.4
1062,0.4,0.6,0.8,0.6,0.8,0.6
1063,0.2,0.4,1,1,0.6,0.6
1064,0.8,0.4,0.4,0.8,0.2,0.6
1065,0.4,0.6,0.2,0.8,0.2,0.6
1066,0.8,0.4,0.8,0.6,0.6,0.6
1067,0.8,0.8,0.8,1,0.6,1
1068,0.2,0.2,0.2,0.6,0.2,0.2
1069,0.6,1,0.8,1,0.4,0.8
1070,0.8,0.2,0.8,0.8,0.8,0.8
1071,0.6,0.8,1,0.6,0.4,0.8
1072,1,0.8,1,0.4,0.2,0.6
1073,0.2,0.2,0.2,0.2,0.2,0.2
1074,0.6,0.6,0.8,0.8,0.4,0.8
1075,1,1,0.8,0.8,1,1
1076,0.6,0.6,1,1,1,1
1077,1,1,1,1,1,1
1078,0.4,0.4,0.2,0.6,0.4,0.4
1079,0.2,0.2,0.2,0.6,0.2,0.4
1080,1,1,0.6,0.8,0.8,0.8
1081,0.4,0.4,0.2,0.2,0.8,0.6
1082,0.2,0.2,0.2,0.6,0.2,0.6
1083,0.6,1,1,0.8,1,1
1084,0.6,0.2,0.4,1,0.2,0.4
1085,0.4,0.2,0.2,0.8,0.2,0.4
1086,0.6,1,0.8,1,0.8,0.8
1087,0.2,0.2,0.8,0.6,0.2,0.4
1088,0.2,0.6,0.8,0.8,0.6,0.4
1089,0.6,1,1,1,1,1
1090,0.2,0.2,0.8,0.8,0.8,0.6
1091,0.2,0.4,0.4,0.4,0.6,0.6
1092,0.8,1,1,1,1,1
1093,1,1,1,1,1,1
1094,0.6,0.8,1,0.2,0.2,0.4
1095,1,1,0.8,0.8,1,1
1096,0.8,1,1,0.6,0.8,0.8
1097,0.8,1,1,0.6,0.8,0.8
1098,0.2,0.4,0.6,0.4,0.4,0.6
1099,0.6,0.8,0.4,0.6,0.6,0.6
1100,1,1,1,1,1,1
1101,1,0.8,1,0.6,0.8,0.8
1102,0.2,0.2,0.4,0.4,0.2,0.4
1103,0.8,1,1,0.8,0.8,1
1104,0.2,0.2,0.2,0.6,0.2,0.2
1105,0.2,0.4,0.6,0.8,0.4,0.4
1106,0.2,0.2,0.2,0.2,0.2,0.2
1107,1,1,0.8,0.6,0.8,0.8
1108,0.8,0.8,0.4,0.4,0.8,0.6
1109,0.6,0.6,0.6,0.8,0.8,1
1110,0.2,0.6,1,0.8,0.4,0.8
1111,0.2,0.4,0.8,1,0.8,0.6
1112,0.2,0.2,0.4,0.6,0.2,0.4
1113,0.4,0.6,0.8,0.6,0.6,0.8
1114,0.4,0.6,0.8,0.6,0.6,0.8
1115,0.2,0.4,0.6,0.8,0.2,0.6
1116,1,0.6,0.6,0.2,0.2,0.6
1117,0.8,0.4,0.6,0.8,0.4,0.6
1118,0.6,0.6,0.4,0.8,0.6,0.8
1119,0.8,1,0.4,0.8,1,0.8
1120,1,1,1,1,1,1
1121,0.2,0.2,0.2,0.6,0.4,0.2
1122,0.2,0.4,0.6,0.6,0.2,0.2
1123,0.4,0.6,0.8,0.8,0.2,0.6
1124,1,1,1,1,1,1
1125,1,1,1,0.8,0.8,1
1126,0.4,0.6,0.6,1,0.4,0.6
1127,0.2,0.2,0.2,0.8,0.2,0.2
1128,0.6,0.8,0.8,0.8,0.6,0.8
1129,1,0.8,1,0.8,1,1
1130,0.6,0.8,0.6,0.8,1,0.8
1131,0.2,0.4,0.2,0.4,0.2,0.2
1132,1,1,0.4,1,0.6,1
1133,0.2,0.2,0.4,0.2,0.2,0.4
1134,0.8,0.2,0.4,0.4,0.2,0.2
1135,0.6,0.4,0.8,1,0.4,0.8
1136,0.6,0.8,0.4,0.6,0.8,0.6
1137,0.6,0.8,0.8,1,0.8,0.6
1138,0.2,0.2,0.6,0.8,0.8,0.6
1139,0.4,0.8,0.8,0.8,0.6,1
1140,1,1,0.6,1,0.8,1
1141,1,1,1,1,1,1
1142,0.8,1,0.6,0.6,0.8,0.6
1143,0.2,0.2,0.6,0.8,0.2,0.4
1144,0.6,0.2,0.2,0.2,0.2,0.2
1145,0.2,0.8,0.8,1,0.6,0.8
1146,0.6,0.2,0.2,0.2,0.2,0.2
1147,0.8,1,1,0.8,1,1
1148,1,1,1,0.6,1,1
1149,0.2,0.4,0.8,1,0.2,0.8
1150,0.6,1,0.4,0.4,0.4,0.6
1151,0.6,0.6,0.6,0.6,0.6,1
1152,1,1,1,0.6,1,1
1153,0.2,0.2,0.6,0.8,0.2,0.2
1154,0.6,1,1,1,1,1
1155,0.4,0.2,1,1,0.2,0.6
1156,0.2,0.2,0.8,0.6,0.2,0.4
1157,1,0.4,0.2,0.2,0.4,0.4
1158,1,1,0.8,1,0.8,1
1159,0.8,0.6,1,0.6,0.6,0.8
1160,1,1,1,1,1,1
1161,1,1,0.8,1,0.8,1
1162,1,1,1,1,1,1
1163,0.4,0.4,1,1,0.6,0.4
1164,0.6,0.6,1,1,0.8,1
1165,0.6,1,1,1,1,1
1166,0.8,0.8,0.8,0.6,0.6,1
1167,0.4,0.6,0.4,0.4,0.2,0.6
1168,0.8,1,1,1,1,1
1169,1,1,1,0.8,1,1
1170,0.8,1,1,0.8,1,1
1171,0.6,1,1,1,0.8,1
1172,1,1,1,0.6,0.8,1
1173,0.2,0.2,0.2,0.2,0.2,0.4
1174,0.8,0.8,0.8,0.8,0.6,0.8
1175,0.6,0.4,1,0.8,0.6,0.6
1176,0.2,0.2,0.2,0.2,0.2,0.2
1177,0.4,0.8,1,0.4,0.8,1
1178,0.8,0.6,0.4,1,0.8,0.6
1179,0.4,0.4,0.6,1,0.4,0.6
1180,1,1,1,1,1,1
1181,0.6,0.4,0.2,0.6,0.6,0.4
1182,0.2,0.2,0.2,0.4,0.2,0.2
1183,0.8,1,1,1,0.8,1
1184,0.2,0.2,0.2,0.2,0.2,0.2
1185,0.2,0.2,0.2,0.4,0.2,0.2
1186,1,0.8,0.6,0.2,0.8,0.8
1187,0.8,0.4,0.4,0.6,0.4,0.6
1188,0.6,0.6,0.4,0.6,0.6,0.6
1189,0.4,0.6,0.6,0.8,0.6,0.6
1190,0.4,1,0.6,0.8,0.8,0.2
1191,0.8,1,1,1,1,1
1192,0.8,1,1,0.8,1,1
1193,0.2,0.2,0.4,0.6,0.2,0.2
1194,0.8,1,1,0.8,0.8,1
1195,1,0.6,0.8,0.8,0.6,0.8
1196,0.6,0.4,0.4,0.4,0.4,0.6
1197,0.8,1,1,1,0.8,0.8
1198,1,1,1,1,1,1
1199,0.8,0.8,1,0.8,1,1
1200,0.6,0.8,1,1,1,0.8
1201,0.6,0.6,0.4,0.4,0.4,0.6
1202,0.6,0.8,0.8,0.6,0.4,0.6
1203,0.6,0.8,0.8,0.6,0.6,0.8
1204,0.2,0.2,0.4,0.6,0.4,0.6
1205,0.6,0.8,1,0.6,0.4,0.8
1206,0.8,0.6,0.4,0.8,0.4,0.6
1207,0.4,0.8,0.4,0.2,0.2,0.2
1208,0.8,1,1,0.8,1,1
1209,1,1,1,1,1,1
1210,1,1,1,1,1,1
1211,0.2,0.4,0.2,0.4,0.4,0.4
1212,0.2,0.2,0.6,0.2,0.2,0.2
1213,0.6,0.6,0.6,0.4,0.6,0.6
1214,0.2,0.6,0.4,0.4,0.2,0.2
1215,1,1,1,1,1,1
1216,1,0.8,1,1,1,1
1217,0.6,0.8,1,0.8,0.8,1
1218,0.6,0.8,0.8,0.8,0.8,1
1219,0.8,0.8,1,0.8,0.8,1
1220,1,1,1,1,1,1
1221,0.6,0.8,0.8,0.8,0.2,1
1222,1,1,0.8,0.6,1,1
1223,0.2,0.2,0.4,0.4,0.2,0.4
1224,0.2,0.4,0.4,0.6,0.4,0.4
1225,0.4,1,0.8,0.8,0.8,0.8
1226,0.8,1,1,0.8,0.8,0.8
1227,0.2,0.2,0.2,0.4,0.2,0.4
1228,0.4,0.4,0.4,0.4,0.4,0.6
1229,0.8,1,1,0.8,1,1
1230,0.8,1,1,0.8,1,1
1231,0.8,1,0.8,0.8,1,1
1232,0.2,0.2,0.4,0.6,0.2,1
1233,1,1,1,1,1,1
1234,1,0.8,1,0.8,0.4,0.8
1235,0.8,0.8,1,0.8,1,0.8
1236,0.8,0.8,1,0.8,0.8,0.8
1237,0.8,0.8,1,0.8,0.8,0.8
1238,0.6,0.8,1,1,0.8,0.8
1239,0.6,0.8,0.8,1,0.6,0.6
1240,0.6,0.8,0.2,0.6,0.8,0.6
1241,0.2,0.2,0.2,0.2,0.2,0.2
1242,0.2,0.4,0.4,0.6,0.2,0.2
1243,0.2,0.4,0.8,0.6,0.2,0.6
1244,0.2,0.2,0.4,0.2,0.2,0.4
1245,0.4,0.8,1,1,0.6,0.8
1247,1,1,1,1,1,1
1248,0.8,1,1,1,1,1
1249,0.4,0.4,0.8,0.8,0.4,0.4
1250,0.8,0.4,0.2,0.2,0.4,0.6
1251,0.4,0.8,1,1,0.6,0.8
1252,0.4,1,1,1,1,1
1253,0.6,0.2,1,0.6,0.2,0.4
1254,0.6,0.8,0.6,0.4,0.6,0.8
1255,0.6,0.8,0.6,0.4,0.6,0.8
1256,1,0.6,0.6,0.6,0.6,0.8
1257,0.4,0.6,0.8,0.6,0.6,0.8
1258,0.4,0.8,0.6,0.8,0.8,0.8
1259,0.6,0.8,1,1,1,1
1260,0.8,1,1,0.8,0.8,1
1261,0.8,0.8,0.6,0.6,0.6,0.8
1262,1,0.4,0.6,0.6,0.2,0.6
1263,0.8,0.8,0.8,1,0.8,1
1264,1,1,1,1,1,1
1265,0.8,0.6,0.8,0.8,0.6,1
1266,0.2,0.2,0.6,0.4,0.2,0.2
1267,1,1,1,1,1,1
1268,0.6,0.8,1,1,0.8,1
1269,0.4,0.8,0.8,0.6,0.8,0.8
1270,0.4,0.6,0.8,0.6,0.6,0.6
1271,0.6,0.8,0.4,0.4,0.4,0.4
1272,0.2,0.2,0.2,0.2,0.2,0.2
1273,0.2,0.2,0.2,1,0.2,0.2
1274,0.8,0.2,0.2,0.2,0.2,0.2
1275,0.2,0.4,0.4,0.6,0.2,0.4
1276,0.2,0.2,0.4,1,0.2,0.2
1277,0.6,0.6,0.8,0.8,0.6,0.8
1278,0.6,0.8,0.8,0.8,0.8,0.6
1279,0.2,0.2,0.4,0.6,0.4,0.6
1280,0.2,0.2,0.4,0.2,0.2,0.2
1281,0.4,0.8,0.6,0.8,0.6,0.8
1282,0.6,0.8,1,0.8,0.8,1
1283,0.4,0.4,0.6,1,0.6,0.6
1284,0.4,0.8,1,1,0.8,0.8
1285,0.6,0.6,0.8,0.8,0.4,0.8
1286,0.8,0.8,1,1,0.8,1
1287,0.2,0.4,0.2,0.2,0.2,0.4
1288,0.6,0.4,0.6,1,0.6,0.6
1289,0.6,0.8,0.6,0.6,0.8,0.6
1290,1,1,1,1,1,0.8
1291,0.4,1,0.4,0.8,0.8,0.8
1292,0.8,1,0.8,0.8,0.8,0.8
1293,0.6,0.6,0.4,1,0.8,1
1294,1,0.8,0.6,0.6,0.8,0.8
1295,0.8,1,0.8,0.6,1,0.8
1296,0.4,1,1,1,0.8,0.8
1297,0.6,0.2,0.6,0.8,0.2,0.6
1298,0.8,0.8,0.8,0.8,0.8,1
1299,0.8,0.8,0.8,0.8,0.8,1
1300,0.2,0.2,0.6,0.6,0.2,0.2
1301,0.2,0.2,0.6,0.6,0.2,0.2
1302,0.4,1,0.8,0.6,1,0.8
1303,0.4,0.6,0.4,0.6,0.4,0.6
1304,0.2,0.2,0.2,0.6,0.2,0.2
1305,1,1,1,0.8,1,1
1306,0.8,1,1,1,0.6,0.8
1307,1,1,1,1,1,1
1308,0.8,1,1,0.6,1,1
1309,1,0.2,0.2,0.2,0.2,0.2
1310,0.2,0.4,1,1,0.8,0.8
1311,0.8,0.8,0.6,0.6,0.8,0.8
1312,1,0.6,0.8,1,0.8,1
1313,0.8,1,1,0.8,0.8,0.8
1314,0.6,0.6,0.6,0.6,0.6,0.6
1315,0.8,1,1,0.8,1,1
1316,1,1,1,1,1,1
1317,0.2,0.4,0.4,1,0.4,0.4
1318,0.2,0.6,0.4,0.2,0.4,0.2
1319,1,1,1,0.8,1,1
1320,1,1,0.8,1,0.8,0.8
1321,0.6,0.6,0.6,0.6,0.6,0.6
1322,0.4,0.6,0.6,0.6,0.4,0.6
1323,0.4,1,1,1,0.6,1
1324,0.2,0.8,0.4,0.4,0.2,0.4
1325,1,1,1,0.8,1,1
1326,0.2,0.2,0.2,0.6,0.2,0.4
1327,0.2,0.2,0.2,0.2,0.2,0.2
1328,0.6,0.6,1,0.8,0.6,0.8
1329,0.2,0.4,1,1,1,0.6
1330,0.6,0.6,0.6,0.6,0.4,0.6
1331,1,1,1,0.6,0.8,1
1332,0.8,1,1,0.8,0.8,1
1333,1,1,1,1,1,1
1334,0.2,0.2,0.4,0.6,0.2,0.2
1335,0.8,0.4,0.6,0.8,0.8,0.8
1336,0.6,0.4,0.6,0.6,0.4,0.8
1337,0.4,0.8,0.6,0.6,0.6,0.8
1338,0.8,1,0.8,0.6,0.6,0.6
1339,1,0.6,0.8,0.4,0.8,0.6
1340,0.4,0.6,0.2,0.8,0.2,0.4
1341,0.4,0.8,0.6,0.8,0.6,0.8
1342,0.6,0.8,0.8,1,0.6,0.6
1343,0.2,0.2,0.4,0.6,0.2,0.2
1344,0.6,0.8,1,0.2,0.6,1
1345,1,1,1,0.8,1,1
1346,0.6,0.8,1,0.2,0.6,1
1347,1,1,1,0.8,1,1
1348,0.6,1,0.8,0.8,0.8,1
1349,0.8,1,1,0.6,1,1
1350,1,0.8,0.8,1,0.6,0.8
1351,0.6,0.6,0.8,0.8,0.6,0.8
1352,0.2,0.2,0.2,0.2,0.2,0.2
1353,0.8,1,1,1,0.8,1
1354,0.6,0.8,1,1,0.8,1
1355,0.6,0.8,1,1,0.8,1
1356,0.6,0.4,0.4,0.8,0.4,0.4
1357,0.6,1,1,1,1,1
1358,0.2,0.2,0.2,1,0.4,0.4
1359,0.8,1,0.8,0.6,0.8,0.8
1360,1,1,0.2,1,0.4,0.8
1361,0.4,0.8,0.6,0.8,0.2,0.4
1362,0.4,1,1,1,0.8,1
1363,0.6,1,1,1,1,1
1364,0.8,0.8,0.8,1,1,1
1365,0.2,1,1,0.8,0.8,0.8
1366,0.2,0.2,0.2,0.4,0.2,0.4
1367,0.2,0.2,0.2,1,0.2,0.2
1368,0.2,1,0.8,0.4,0.2,0.8
1369,0.4,0.4,0.2,0.2,0.2,0.6
1370,0.6,0.6,0.2,0.2,0.2,0.6
1371,0.6,0.6,0.8,0.8,0.6,0.6
1372,1,1,1,0.6,0.6,1
1373,0.2,0.2,0.2,0.4,0.2,0.4
1374,0.2,1,0.8,0.4,0.4,0.6
1375,1,0.4,0.8,0.6,0.6,0.6
1376,0.8,1,0.8,1,0.6,0.8
1377,1,1,1,0.8,1,1
1378,0.8,1,1,0.8,0.4,1
1379,1,1,1,1,1,1
1380,0.8,1,1,1,1,1
1381,0.6,1,1,1,0.8,1
1382,0.2,0.4,0.4,0.6,0.2,0.2
1383,0.8,0.8,0.6,0.6,0.6,1
1384,0.6,0.8,1,0.6,0.8,1
1385,0.4,0.8,0.6,1,0.6,0.8
1386,0.4,0.6,0.6,0.8,0.4,0.6
1387,1,1,0.4,0.6,0.8,0.6
1388,0.6,1,1,1,1,1
1389,0.8,1,0.8,1,0.8,1
1390,0.4,0.4,0.4,0.8,0.2,0.2
1391,0.6,0.8,1,0.8,0.8,0.8
1392,0.8,1,1,1,0.8,1
1393,0.4,0.2,0.4,0.6,0.2,0.6
1394,0.2,0.2,0.4,0.8,0.2,0.2
1395,0.6,1,1,0.6,1,0.8
1396,1,0.8,0.8,1,0.8,0.2
1397,0.2,0.6,0.2,1,0.6,0.4
1398,0.2,0.2,0.2,0.8,0.2,0.2
1399,0.2,0.2,0.2,0.4,0.2,0.2
1400,0.8,0.8,1,0.8,0.8,0.8
1401,0.2,0.6,1,1,0.6,0.8
1402,0.4,1,1,1,1,0.8
1403,0.4,0.2,0.2,0.4,0.2,0.4
1404,0.6,0.4,0.4,0.8,0.6,0.6
1405,0.4,1,1,1,1,0.8
1406,0.4,0.2,0.8,0.6,0.2,0.4
1407,0.6,0.6,0.6,0.6,0.6,0.6
1408,0.4,0.8,0.6,0.6,0.6,0.6
1409,0.8,1,1,0.8,1,1
1410,0.8,1,1,1,1,1
1411,1,1,1,1,1,1
1412,1,0.8,1,1,0.8,1
1413,0.6,0.8,1,0.6,0.6,1
1414,0.6,1,1,1,1,1
1415,1,1,1,1,1,1
1416,0.4,0.4,0.6,1,0.8,0.4
1417,0.4,0.6,0.6,0.4,0.4,0.4
1418,0.8,1,1,0.8,1,0.8
1419,0.6,0.6,1,0.8,0.8,0.8
1420,0.4,0.4,0.2,0.2,0.2,0.4
1421,0.6,0.2,0.2,0.4,0.2,0.2
1422,0.8,0.6,0.8,0.6,1,0.8
1423,0.8,1,1,1,1,1
1424,0.4,1,0.8,0.8,0.8,0.8
1425,0.6,0.8,0.8,0.8,0.6,0.8
1426,0.2,0.2,0.2,0.2,0.2,0.2
1427,0.8,1,1,1,1,0.8
1428,1,1,1,1,1,1
1429,0.2,0.2,0.2,0.2,0.2,0.2
1430,0.8,1,0.6,1,1,1
1431,0.8,0.8,0.8,1,0.8,0.8
1432,0.8,0.4,0.4,0.4,0.4,0.6
1433,0.4,0.6,0.6,0.8,0.2,0.6
1434,0.6,0.6,1,0.8,0.6,0.6
1435,1,1,0.8,0.8,0.8,1
1436,0.8,1,1,0.6,0.8,1
1437,1,1,1,1,1,1
1438,0.8,1,1,1,1,1
1439,0.8,0.8,1,0.6,0.8,0.8
1440,0.8,0.6,0.8,0.6,0.6,0.8
1441,0.8,0.8,0.8,0.8,0.8,0.8
1442,0.2,0.4,0.4,0.2,0.2,0.4
1443,0.2,0.6,0.6,0.2,0.6,0.4
1444,0.4,0.6,0.8,0.6,0.4,0.4
1445,1,0.2,0.4,0.8,0.6,0.8
1446,0.8,0.8,1,0.6,0.8,0.8
1447,0.8,1,0.8,1,0.6,0.8
1448,0.8,1,0.8,1,0.6,0.8
1449,0.4,0.8,0.4,0.6,0.2,0.4
1450,0.8,1,1,1,0.8,1
1451,1,1,1,1,1,1
1452,0.8,1,1,1,1,1
1453,1,1,0.8,0.8,0.8,1
1454,1,1,1,1,0.8,1
1455,0.6,1,1,1,1,1
1456,1,1,1,1,0.8,1
1457,0.2,0.2,0.4,0.8,0.2,0.2
1458,0.4,0.6,0.6,0.8,0.8,0.6
1459,1,1,1,0.8,1,1
1460,0.8,0.8,1,0.8,0.8,0.8
1461,0.4,1,1,1,0.8,0.8
1462,0.6,0.4,0.4,0.6,0.2,0.6
1463,0.2,0.6,0.4,0.6,0.2,0.2
1464,0.6,1,1,0.6,0.8,1
1465,0.6,1,1,1,0.8,1
1466,1,1,1,1,1,1
1467,0.8,0.8,0.8,1,0.8,0.8
1468,0.6,0.6,0.6,0.6,0.4,0.6
1469,0.8,0.8,0.8,1,0.6,1
1470,0.8,0.8,0.8,1,0.6,1
1471,0.2,0.2,0.6,0.8,0.4,0.4
1472,0.2,0.2,0.2,0.4,0.2,0.4
1473,0.6,0.2,0.4,0.4,0.2,0.4
1474,0.4,0.2,0.4,0.8,0.2,0.2
1475,0.4,0.8,0.8,1,0.4,0.4
1476,0.2,0.8,1,1,0.8,0.6
1477,0.2,0.2,0.2,0.2,0.2,0.6
1478,0.4,0.4,0.6,0.8,0.4,0.8
1479,1,1,1,1,1,1
1480,0.8,1,0.8,1,0.8,0.8
1481,0.8,0.8,1,1,1,0.6
1482,0.6,1,0.8,1,0.8,1
1483,1,1,1,1,1,1
1484,0.8,1,1,1,1,1
1485,0.6,1,1,0.8,1,1
1486,0.6,0.6,0.6,0.4,0.6,0.4
1487,0.2,0.2,0.2,0.2,0.2,0.2
1488,0.4,0.2,0.4,0.8,0.4,0.2
1489,0.8,1,0.8,1,0.8,1
1490,0.8,0.8,1,1,0.8,0.8
1491,1,1,0.8,0.8,0.8,0.8
1492,1,1,0.8,0.8,0.8,0.8
1493,0.4,0.8,1,0.8,0.8,0.8
1494,0.6,0.8,0.8,0.8,0.8,0.8
1495,0.8,0.8,0.8,0.6,0.6,0.8
1496,0.6,0.2,0.2,0.2,0.2,0.2
1497,0.2,0.2,0.2,0.4,0.2,0.2
1498,0.6,0.8,1,1,1,1
1499,0.6,0.8,1,0.8,0.8,0.8
1500,0.2,0.6,1,0.6,1,0.6
1501,0.8,1,1,0.6,1,1
1502,0.2,0.2,0.2,0.2,0.2,0.4
1503,0.8,1,0.8,0.6,0.8,0.8
1504,0.6,1,1,0.8,0.6,0.8
1505,0.6,0.8,0.2,0.6,0.6,0.6
1506,0.2,0.2,0.4,0.4,0.4,0.6
1507,0.2,0.4,0.6,0.6,0.4,0.2
1508,0.2,0.2,0.2,0.6,0.2,0.2
1509,0.8,0.8,1,1,0.8,1
1510,0.2,0.2,0.2,0.8,0.2,0.2
1511,1,1,1,0.6,0.8,1
1512,0.8,1,1,1,0.8,1
1513,0.6,1,1,0.8,1,1
1514,0.6,1,1,1,1,0.8
1515,0.4,0.8,0.8,1,0.8,0.8
1516,1,1,1,1,1,0.8
1517,0.4,0.8,1,1,0.8,0.6
1518,1,1,0.8,0.8,1,1
1519,0.6,0.8,1,0.8,0.8,1
1520,0.2,0.4,0.8,0.6,0.6,0.4
1521,0.2,0.2,0.2,0.6,0.2,0.2
1522,0.6,0.8,0.8,0.8,0.6,0.8
1523,0.8,0.8,0.6,0.8,0.6,0.6
1524,0.4,0.4,0.8,0.8,0.2,0.2
1525,1,1,1,1,1,0.8
1526,0.4,0.6,0.8,1,0.8,0.8
1527,0.6,1,1,1,1,0.8
1528,0.4,0.6,1,0.8,0.4,0.6
1529,0.4,0.6,0.4,0.8,0.4,0.4
1530,0.6,1,1,0.8,0.6,1
1531,0.4,1,0.6,1,0.4,0.6
1532,0.4,0.6,1,0.8,0.8,0.8
1533,1,1,1,1,1,1
1534,0.6,1,0.8,0.8,0.8,1
1535,0.6,1,1,0.6,0.8,1
1536,1,1,1,0.6,1,1
1537,0.6,0.4,0.4,0.6,0.4,0.4
1538,0.6,0.8,0.8,0.8,0.4,0.8
1539,0.4,1,0.6,1,0.4,0.6
1540,0.4,0.6,1,0.8,0.8,0.6
1541,1,1,1,1,1,1
1542,0.8,0.8,0.6,0.8,0.8,0.8
1543,0.6,0.4,0.4,1,0.2,0.2
1544,0.2,0.2,0.2,0.2,0.2,0.2
1545,0.2,1,0.2,1,0.2,0.2
1546,1,1,0.6,1,0.4,1
1547,0.6,0.8,1,0.4,0.6,0.4
1548,0.4,0.6,0.8,0.6,0.6,0.4
1549,0.8,0.8,0.8,1,0.8,0.8
1550,0.6,0.8,0.8,0.8,0.6,0.8
1551,1,1,1,1,1,1
1552,0.8,0.2,0.6,0.6,0.2,0.2
1553,1,0.6,0.8,0.8,0.6,0.8
1554,0.2,0.2,0.2,0.2,0.4,0.2
1555,0.8,1,1,1,1,1
1556,0.4,0.8,0.8,1,0.4,0.8
1557,0.8,0.8,0.6,0.8,0.6,0.8
1558,0.2,0.2,0.2,0.6,0.2,0.4
1559,1,1,1,1,1,1
1560,1,0.8,1,0.8,0.8,1
1561,0.2,0.2,0.2,0.4,0.2,0.2
1562,0.2,0.2,0.2,0.2,0.2,0.2
1563,0.6,0.2,0.2,0.6,0.2,0.2
1564,0.4,0.4,1,1,0.8,0.6
1565,0.6,0.2,0.2,0.6,0.2,0.2
1566,0.8,0.8,1,0.2,1,0.8
1567,1,1,1,1,1,1
1568,1,0.2,0.2,0.2,0.2,0.2
1569,0.8,1,1,1,1,0.8
1570,0.4,0.6,0.8,0.8,0.4,0.8
1571,0.2,0.6,0.6,0.6,0.4,0.6
1572,0.6,0.8,1,0.8,0.6,0.6
1573,1,0.4,0.4,1,0.2,0.6
1574,1,1,1,0.6,1,1
1575,0.6,1,1,1,0.8,1
1576,0.8,1,1,0.8,1,1
1577,0.8,0.4,0.6,0.6,0.4,0.4
1578,0.4,1,1,0.8,0.8,1
1579,0.8,1,1,1,0.8,1
1580,0.4,0.4,0.8,0.4,0.6,0.8
1581,0.2,0.2,0.6,1,0.4,0.4
1582,0.2,0.6,0.8,1,0.4,0.6
1583,1,0.6,0.8,1,0.6,0.2
1584,1,0.8,1,0.8,0.6,1
1585,0.4,0.4,0.6,0.8,0.4,0.4
1586,0.6,1,0.8,0.8,0.6,0.8
1587,0.8,0.6,0.6,0.6,0.4,0.6
1588,0.8,1,1,1,1,0.6
1589,0.8,1,1,1,1,0.6
1590,1,1,1,0.8,1,1
1591,0.4,0.8,0.6,1,0.2,1
1592,0.4,0.4,1,1,0.4,0.2
1593,0.2,0.2,0.2,1,0.2,0.2
1594,0.6,0.6,1,1,0.8,0.6
1595,0.2,1,0.4,0.6,0.6,0.6
1596,0.2,0.2,0.2,0.2,0.2,0.2
1597,0.8,0.8,1,1,0.8,0.8
1598,0.8,0.6,1,0.4,0.6,0.8
1599,0.6,1,1,0.8,1,1
1600,1,0.2,0.2,0.4,0.2,0.2
1601,1,0.8,1,0.6,0.4,0.8
1602,0.2,0.2,0.2,0.4,0.2,0.6
1603,1,0.8,1,1,0.8,0.8
1604,1,1,1,1,1,1
1605,0.8,1,1,1,1,1
1606,0.2,0.4,0.8,1,0.2,0.4
1607,1,1,1,0.8,1,1
1608,0.6,0.6,0.6,0.6,0.6,0.6
1609,0.8,0.6,0.6,0.6,0.4,1
1610,0.8,1,1,0.6,0.8,1
1611,0.2,0.6,0.8,0.8,0.6,0.4
1612,0.8,1,1,1,1,1
1613,0.2,0.2,0.2,1,0.2,0.2
1614,0.2,0.2,0.4,0.2,0.2,0.2
1615,0.8,0.8,1,0.6,0.6,1
1616,0.8,1,1,0.8,1,1
1617,1,1,1,1,1,1
1618,1,1,1,1,1,1
1619,0.2,0.4,0.6,0.6,0.2,0.2
1620,0.4,0.6,1,0.6,0.2,0.8
1621,0.8,0.6,0.8,1,0.8,0.8
1622,0.8,0.8,0.8,0.6,0.8,0.8
1623,0.6,0.6,1,0.6,0.6,0.6
1624,0.2,0.2,0.2,0.6,0.2,0.2
1625,0.6,1,1,0.8,1,1
1626,0.8,1,1,0.8,1,1
1627,0.2,0.2,0.2,0.2,0.2,0.2
1628,0.8,0.8,1,1,1,1
1629,0.8,0.8,1,1,1,1
1630,0.2,0.2,0.2,0.2,0.2,0.2
1631,1,0.8,0.8,0.8,0.8,0.8
1632,0.4,0.4,0.6,1,0.4,0.6
1633,0.6,1,0.8,0.8,0.8,1
1634,0.2,0.2,0.2,0.4,0.2,0.2
1635,1,1,0.4,1,1,0.8
1636,0.4,0.6,0.4,1,0.6,0.4
1637,0.2,1,0.6,1,0.4,0.6
1638,0.6,1,0.8,0.8,0.8,0.8
1639,0.6,1,1,0.8,1,0.8
1640,1,1,1,0.8,0.8,1
1641,0.2,0.4,0.6,1,0.2,0.2
1642,0.8,1,0.8,1,0.8,1
1643,0.8,1,1,1,1,1
1644,0.8,1,0.8,1,1,1
1645,0.8,0.8,1,0.6,0.8,0.8
1646,0.4,0.6,0.8,0.8,0.6,0.8
1647,0.6,0.8,0.4,0.8,0.2,0.6
1648,0.6,1,1,0.8,0.8,1
1649,0.8,1,1,0.6,1,1
1650,0.8,0.6,0.8,0.8,0.6,0.8
1651,0.8,0.4,0.6,0.8,0.4,0.6
1652,0.6,0.8,1,1,0.6,1
1653,1,1,1,1,1,1
1654,1,1,1,1,1,1
1655,1,1,1,1,1,1
1656,0.4,1,1,1,0.8,1
1657,0.6,1,0.8,0.4,0.8,0.8
1658,0.6,0.2,0.8,0.6,0.2,0.6
1659,0.8,1,1,0.8,1,1
1660,0.4,0.4,0.2,0.6,0.2,0.4
1661,0.2,0.2,0.2,0.8,0.2,0.4
1662,1,1,0.8,0.8,1,1
1663,0.4,0.4,0.8,0.8,0.4,0.8
1664,0.8,0.8,0.8,0.8,0.8,1
1665,0.8,1,1,0.8,1,1
1666,0.8,1,1,1,1,1
1667,1,0.8,0.8,0.8,1,1
1668,0.2,0.2,0.2,0.4,0.2,0.4
1669,0.8,0.8,0.8,0.8,0.8,0.8
1670,0.8,0.8,0.6,0.8,0.6,0.8
1671,0.8,0.6,0.8,1,0.6,0.8
1672,0.8,1,0.8,0.8,0.8,0.8
1673,0.2,0.2,0.2,0.4,0.2,0.4
1674,0.2,0.4,0.4,0.6,0.2,0.6
1675,0.8,0.4,0.4,0.6,0.2,0.6
1676,1,0.8,1,1,0.8,1
1677,0.4,0.2,0.2,0.2,0.2,0.2
1678,0.6,0.6,0.4,0.8,0.6,0.6
1679,0.6,0.6,0.6,1,0.6,0.8
1680,0.8,0.8,0.8,0.8,0.8,1
1681,0.6,1,1,0.6,1,1
1682,0.6,1,1,1,0.8,1
1683,0.4,0.8,0.2,1,0.8,0.2
1684,0.8,0.8,0.6,0.8,0.6,0.8
1685,0.6,0.8,0.8,0.6,0.6,0.6
1686,0.2,0.4,1,1,0.6,0.6
1687,1,1,1,1,1,1
1688,0.2,0.2,0.2,1,0.2,0.2
1689,0.8,0.8,0.8,1,1,1
1690,0.8,1,1,1,0.8,1
1691,1,1,1,1,1,1
1692,0.6,1,0.8,1,0.8,1
1693,0.6,1,1,1,0.8,1
1694,0.4,0.4,0.4,0.8,0.2,0.6
1695,0.6,1,0.8,1,1,1
1696,0.8,1,0.6,0.6,0.8,1
1697,0.4,0.2,0.4,0.4,0.4,0.4
1698,0.2,0.2,0.2,0.2,0.2,0.2
1699,0.8,1,1,0.8,0.8,1
1700,0.8,1,1,1,0.8,1
1701,0.6,0.4,0.2,0.6,0.4,0.4
1702,0.8,0.8,0.4,0.8,0.4,0.6
1703,1,0.4,0.4,0.6,0.4,0.6
1704,0.4,0.4,0.6,0.6,0.4,0.6
1705,0.8,0.6,0.4,0.4,0.6,0.6
1706,0.8,1,1,1,1,1
1707,1,1,1,1,1,1
1708,0.2,0.6,0.6,0.8,0.6,0.2
1709,0.4,0.8,0.8,0.8,0.4,0.8
1710,0.4,0.4,0.6,0.6,0.6,0.2
1711,0.6,1,1,0.8,0.8,0.8
1712,0.6,0.8,1,0.8,1,1
1713,0.8,1,0.8,0.8,0.8,0.8
1714,0.4,0.8,1,1,0.8,0.8
1715,1,1,1,1,1,1
1716,0.8,1,0.8,1,1,1
1717,1,1,1,1,1,1
1718,0.6,0.8,1,1,0.8,1
1719,0.6,1,1,1,0.8,1
1720,0.8,1,1,0.8,1,1
1721,0.8,0.8,0.8,1,0.8,1
1722,1,1,1,0.8,1,1
1723,0.8,1,1,0.8,0.8,1
1724,0.8,1,1,0.8,1,1
1725,0.6,0.6,0.8,0.8,0.6,0.8
1726,1,0.8,1,0.8,1,0.8
1727,0.6,1,1,1,1,0.8
1728,1,0.6,1,1,0.8,0.8
1729,0.4,0.6,1,0.8,0.6,0.6
1730,0.6,0.6,0.6,0.6,0.2,0.6
1731,0.2,0.2,0.2,0.6,0.2,0.2
1732,0.6,0.6,0.8,0.6,0.6,0.8
1733,1,0.6,0.8,1,1,1
1734,0.2,0.2,0.2,0.4,0.2,0.4
1735,0.2,0.6,0.4,0.8,0.6,0.6
1736,0.2,0.6,0.8,0.8,0.4,0.6
1737,0.2,0.6,0.4,0.4,0.2,0.4
1738,0.6,0.6,0.4,0.6,0.6,0.6
1739,0.4,0.2,0.4,0.2,0.2,0.2
1740,0.8,1,1,0.8,1,1
1741,0.8,1,1,1,1,1
1742,0.8,1,1,0.8,1,1
1743,1,1,1,1,1,1
1744,1,1,1,1,1,1
1745,0.6,1,0.8,1,0.6,0.8
1746,0.2,0.2,0.4,0.8,0.2,0.4
1747,0.2,0.4,0.2,0.8,0.2,0.6
1748,1,1,1,1,1,1
1749,0.4,1,1,1,1,1
1750,0.6,0.6,0.8,0.8,0.6,0.4
1751,0.2,0.2,0.6,0.4,0.2,0.2
1752,1,1,1,1,1,1
1753,0.8,1,1,1,0.8,1
1754,1,1,1,0.8,0.8,1
1755,0.8,1,0.8,0.8,0.8,1
1756,0.8,0.8,1,1,0.8,1
1757,0.8,0.8,1,0.6,0.6,0.8
1758,0.8,1,0.8,0.6,0.4,0.8
1759,0.6,0.6,0.6,0.6,0.4,0.6
1760,1,0.6,1,1,0.6,0.6
1761,0.6,0.8,1,1,0.6,0.6
1762,1,1,1,0.8,1,1
1763,1,1,1,0.8,1,1
1764,0.8,1,1,1,0.8,1
1765,1,1,0.8,0.8,0.8,0.8
1766,0.6,0.2,0.6,0.6,0.2,0.4
1767,0.6,0.6,0.8,1,0.8,0.8
1768,0.4,1,1,1,0.6,0.8
1769,1,1,0.6,0.8,0.8,0.8
1770,0.2,0.8,0.6,0.8,0.4,0.6
1771,0.4,0.6,0.4,0.8,0.2,0.6
1772,0.2,0.2,0.2,0.2,0.2,0.2
1773,1,1,0.6,0.6,0.6,1
1774,0.2,0.2,0.2,0.4,0.2,0.4
1775,0.8,1,1,1,0.8,0.8
1776,0.8,0.8,1,0.8,0.8,1
1777,0.8,1,1,1,1,1
1778,1,1,0.8,1,1,1
1779,0.6,0.8,0.2,1,0.6,0.6
1780,0.6,0.2,0.4,0.8,0.6,0.6
1781,0.8,1,1,1,0.8,1
1782,1,0.4,1,1,0.2,0.4
1783,0.8,1,1,1,0.8,0.8
1784,0.6,1,1,0.8,0.8,1
1785,1,1,1,1,1,1
1786,1,1,1,1,1,1
1787,1,1,1,0.8,1,1
1788,0.8,1,1,0.8,1,1
1789,0.6,0.8,1,0.8,1,0.8
1790,0.6,0.6,0.8,0.8,0.6,0.6
1791,0.4,0.6,0.8,0.4,0.6,0.6
1792,0.4,1,1,1,1,1
1793,1,1,1,1,1,1
1794,0.6,1,1,1,1,1
1795,0.8,1,1,0.8,1,1
1796,0.8,1,1,0.8,0.8,1
1797,0.4,1,1,0.6,0.8,1
1798,0.8,1,1,0.8,1,1
1799,0.8,0.8,0.8,0.8,0.8,1
1800,0.8,1,1,1,1,1
1801,0.8,1,0.8,1,0.8,1
1802,0.8,0.8,0.6,0.8,0.4,0.4
1803,0.2,0.2,0.2,0.4,0.2,0.4
1804,0.2,0.2,0.2,0.2,0.2,0.2
1805,1,1,1,1,1,1
1806,0.6,0.6,0.8,1,0.6,0.8
1807,0.6,0.4,0.8,0.8,0.6,0.6
1808,0.8,0.8,0.6,0.8,0.4,0.6
1809,0.6,0.6,0.8,0.8,0.6,0.6
1810,1,1,0.8,1,0.8,1
1811,0.8,0.8,0.6,1,0.6,0.8
1812,0.6,0.2,0.2,0.8,0.4,0.4
1813,0.2,0.2,0.2,0.2,0.2,0.2
1814,0.4,1,0.2,1,1,0.2
1815,0.4,0.6,0.6,0.6,0.8,0.8
1816,0.8,0.8,0.6,1,1,0.8
1817,0.8,0.8,1,1,1,0.8
1818,0.4,0.6,0.2,0.8,0.8,0.6
1819,0.4,0.2,0.6,0.8,0.2,0.2
1820,0.8,1,1,0.8,1,0.8
1821,1,1,1,0.8,1,1
1822,0.8,1,1,1,1,1
1823,0.6,1,0.8,1,1,1
1824,0.8,1,1,0.8,1,1
1825,0.8,1,1,1,1,1
1826,0.2,0.2,0.2,0.8,0.2,0.2
1827,0.2,0.6,0.4,0.8,1,0.8
1828,1,0.6,1,1,0.8,1
1829,0.6,0.6,0.6,1,0.4,0.8
1830,0.8,0.6,0.4,1,0.6,0.8
1831,1,1,1,1,1,1
1832,0.8,1,1,0.8,1,1
1833,0.6,1,1,0.8,0.8,1
1834,0.8,1,1,1,0.8,1
1835,0.8,1,1,0.8,1,1
1836,1,1,1,1,1,1
1837,1,1,1,1,1,1
1838,0.8,0.8,1,1,1,1
1839,0.6,1,1,1,1,1
1840,0.6,1,1,1,1,1
1841,0.6,1,1,1,1,1
1842,0.6,1,1,1,0.8,1
1843,0.8,1,1,1,1,1
1844,0.8,1,1,1,1,1
1845,0.6,1,1,0.8,1,1
1846,0.8,1,1,1,0.8,1
1847,0.8,0.8,1,0.8,1,1
1848,0.8,1,1,0.8,0.6,1
1849,0.8,1,1,0.8,0.8,1
1850,1,1,1,1,1,1
1851,1,1,1,1,1,1
1852,0.6,1,1,0.8,0.6,1
1853,0.6,1,1,1,0.8,1
1854,0.8,1,1,1,1,1
1855,0.6,1,1,1,1,1
1856,1,1,1,0.8,1,1
1857,0.8,1,1,0.6,1,1
1858,0.8,0.6,1,1,1,1
1859,0.6,1,1,1,1,1
1860,0.8,1,1,0.8,0.8,1
1861,1,1,1,1,1,1
1862,0.6,1,1,0.6,1,1
1863,0.6,1,1,0.8,0.8,1
1864,0.6,1,1,1,1,1
1865,0.6,0.2,0.2,0.6,0.2,0.2
1866,0.2,0.2,0.2,0.4,0.2,0.2
1867,0.8,1,1,0.8,1,0.8
1868,0.6,0.8,1,1,0.8,0.8
1869,0.8,1,1,1,0.8,0.8
1870,0.8,1,1,1,0.8,0.8
1871,0.8,1,0.8,0.8,0.8,0.8
1872,0.8,0.8,1,0.8,0.8,0.8
1873,0.6,0.8,1,1,0.8,0.8
1874,0.6,1,0.8,0.8,0.8,0.8
1875,0.4,0.2,0.2,0.6,0.2,0.2
1876,0.8,0.6,0.8,0.6,0.8,1
1877,1,1,1,1,1,1
1878,0.8,1,1,1,1,1
1879,0.8,1,1,0.8,1,1
1880,0.6,1,1,0.8,1,1
1881,0.8,1,1,0.8,1,1
1882,1,1,1,1,1,1
1883,0.8,1,1,0.8,0.8,1
1884,0.6,1,1,0.8,0.8,1
1885,1,0.8,1,0.8,0.8,1
1886,0.6,0.8,1,1,0.8,1
1887,1,1,1,0.8,1,1
1888,0.6,1,1,1,1,1
1889,1,0.8,1,0.8,0.8,1
1890,1,0.8,1,1,0.8,1
1891,0.6,1,1,1,1,1
1892,0.8,1,1,1,1,1
1893,0.6,1,1,1,0.8,1
1894,0.8,0.8,1,0.8,0.8,1
1895,0.6,0.6,0.8,0.8,1,1
1896,0.6,1,1,1,0.6,1
1897,0.8,1,1,0.8,1,1
1898,0.2,0.2,0.2,0.8,0.2,0.2
1899,0.2,0.4,0.2,0.2,0.2,0.2
1900,0.6,0.4,0.6,0.6,0.2,0.4
1901,0.6,0.2,0.2,0.6,0.2,0.2
1902,0.8,0.6,0.8,0.6,0.6,0.8
1903,0.8,0.8,1,0.8,0.8,0.8
1904,0.4,0.6,1,1,0.8,0.8
1905,1,1,1,0.8,0.8,0.8
1906,0.8,1,1,1,1,0.8
1907,1,0.8,0.8,0.2,0.6,0.8
1908,0.6,0.8,1,1,0.6,0.8
1909,0.6,0.8,0.8,1,1,0.8
1910,0.2,0.8,0.4,0.6,0.2,0.4
1911,0.8,1,1,0.8,1,1
1912,1,1,1,1,1,1
1913,0.2,0.2,0.2,0.8,0.2,0.4
1914,1,0.2,0.2,1,0.2,0.2
1915,0.4,0.8,0.6,0.6,0.4,0.4
1916,0.6,0.8,0.8,0.8,0.6,0.8
1917,0.6,1,0.6,0.8,0.8,0.8
1918,0.8,0.8,0.6,0.8,0.6,0.8
1919,0.6,1,0.8,0.4,0.4,0.6
1920,0.8,1,1,1,1,1
1921,0.2,0.2,1,1,0.2,0.4
1922,0.2,0.6,0.6,0.8,0.4,0.4
1923,0.2,0.2,0.6,0.6,0.2,0.4
1924,0.4,0.6,0.8,0.8,0.6,0.4
1925,0.4,0.4,1,0.8,0.4,0.8
1926,0.2,0.8,0.8,0.8,0.8,0.6
1927,0.2,0.4,0.4,0.8,0.6,0.6
1928,0.4,0.6,0.8,0.8,0.4,0.6
1929,1,1,1,1,1,1
1930,0.4,0.2,0.4,0.6,0.4,0.4
1931,0.6,1,1,1,0.8,1
1932,0.6,0.8,0.8,1,0.6,0.8
1933,0.8,0.4,0.8,1,0.6,0.8
1934,0.6,0.6,0.6,0.6,0.4,0.6
1935,0.4,0.4,0.6,1,0.4,0.6
1936,0.4,0.2,0.8,0.8,0.2,0.2
1937,1,0.8,1,1,0.8,1
1938,0.8,0.6,0.8,0.8,0.6,0.8
1939,0.2,0.4,0.8,0.6,0.2,0.6
1940,0.4,0.8,0.8,0.6,0.4,0.6
1941,0.4,0.6,1,1,0.6,0.6
1942,1,1,1,1,1,1
1943,0.4,0.2,0.4,0.6,0.2,0.4
1944,0.2,1,1,1,1,1
1945,0.4,0.4,0.2,0.2,0.8,0.6
1946,0.4,0.2,0.4,0.6,0.2,0.4
1947,0.6,1,0.2,1,0.2,1
1948,0.8,0.8,0.6,0.6,0.8,0.8
1949,0.8,1,1,0.8,0.8,0.8
1950,0.6,0.4,0.6,1,0.2,0.4
1951,0.4,0.4,0.6,0.6,0.4,0.4
1952,0.4,0.8,0.6,0.8,0.4,0.8
1953,0.6,0.8,0.6,0.6,0.4,0.6
1954,0.2,0.2,0.4,0.8,0.2,0.2
1955,1,1,1,1,1,1
1956,0.8,0.8,0.8,0.8,0.6,1
1957,0.6,0.8,0.4,0.8,0.4,0.4
1958,0.4,0.2,0.4,1,0.2,0.2
1959,0.6,0.6,0.6,0.8,0.6,0.8
1960,1,1,1,0.8,0.8,0.8
1961,0.4,0.6,0.8,1,0.8,0.8
1962,0.6,0.8,1,1,0.8,0.8
1963,1,1,1,1,1,1
1964,0.2,0.2,0.4,0.4,0.6,0.2
1965,0.2,0.2,0.2,0.6,0.2,0.4
1966,0.8,0.8,0.8,0.8,0.8,0.8
1967,1,0.8,1,1,0.8,0.8
1968,0.6,1,0.8,0.8,0.8,0.6
1969,0.8,0.6,0.6,1,0.2,0.6
1970,0.6,0.6,0.6,0.8,0.6,0.6
1971,0.6,0.6,0.6,0.8,0.4,0.6
1972,0.6,0.6,0.4,0.6,0.2,0.6
1973,0.4,0.2,0.4,0.6,0.2,0.2
1974,0.4,0.6,0.6,0.8,0.4,0.6
1975,0.8,0.2,0.8,0.8,0.4,0.6
1976,0.6,0.6,0.4,0.8,0.4,0.6
1977,1,0.8,1,1,0.8,0.8
1978,0.2,0.2,0.6,0.4,0.2,0.2
1979,0.6,0.6,0.8,1,0.4,0.8
1980,0.4,0.6,0.6,0.8,0.6,0.8
1981,1,0.6,1,0.8,0.4,0.8
1982,0.6,0.8,1,0.6,0.6,0.6
1983,0.6,0.8,1,0.2,0.8,0.6
1984,0.2,0.2,0.4,0.2,0.2,0.6
1985,0.4,0.4,0.6,0.4,0.2,0.4
1986,1,0.8,1,1,0.8,0.8
1987,0.6,0.2,0.6,0.8,0.4,0.4
1988,0.2,0.8,1,0.6,0.4,0.4
1989,0.6,0.8,0.8,0.8,0.8,0.8
1990,0.6,0.6,0.8,1,0.4,0.8
1991,0.2,0.2,0.2,0.2,0.2,0.2
1992,0.6,1,1,1,0.8,1
1993,0.2,0.2,0.4,0.8,0.2,0.2
1994,0.4,0.2,0.4,0.6,0.2,0.4
1995,0.4,0.4,0.8,0.4,0.4,0.6
1996,0.4,1,1,1,1,1
1997,0.8,0.8,1,0.8,0.8,1
1998,0.2,0.8,0.6,0.8,0.6,0.4
1999,0.6,0.4,0.8,0.8,0.4,0.6
2000,0.6,0.8,0.4,0.6,0.4,0.6
2001,0.2,0.4,0.4,0.4,0.2,0.2
2002,0.2,0.4,0.4,0.6,0.2,0.4
2003,0.6,0.6,0.6,0.6,0.6,0.4
2004,1,1,1,1,0.2,1
2005,0.2,0.4,0.8,0.8,0.4,0.4
2006,1,1,0.8,1,0.8,0.8
2007,0.8,1,0.8,0.6,0.8,0.6
2008,0.8,0.6,0.4,0.6,0.4,0.6
2009,0.2,0.8,1,0.2,0.4,1
2010,0.2,0.4,0.4,0.2,0.4,0.4
2011,0.2,0.6,0.6,0.6,0.2,0.4
2012,0.4,1,1,0.8,0.8,0.8
2013,0.2,0.6,0.6,0.6,0.6,0.6
2014,0.2,0.6,0.8,0.6,0.2,0.4
2015,0.2,0.2,0.2,0.2,0.2,0.2
2016,0.2,0.2,0.2,1,0.2,0.2
2017,0.6,0.2,0.2,0.2,0.2,0.2
2018,0.8,1,1,0.8,0.8,0.8
2019,1,1,1,0.8,1,0.8
2020,0.2,0.2,0.2,0.4,0.2,0.2
2021,0.6,1,0.6,0.4,0.8,0.8
2022,0.2,0.2,0.2,0.6,0.2,0.2
2023,0.6,0.8,0.6,0.8,0.4,0.8
2024,0.6,0.6,0.4,1,0.6,0.6
2025,0.2,0.4,0.6,0.6,0.4,0.6
2026,0.8,1,0.4,0.8,0.8,1
2027,0.2,0.6,0.6,0.8,0.2,0.4
2028,0.8,1,1,0.8,0.8,1
2029,0.6,0.8,1,0.6,0.8,0.8
2030,1,0.6,0.4,0.8,0.4,0.4
2031,0.4,1,0.6,0.8,0.8,0.8
2032,1,0.6,0.4,0.2,0.4,0.4
2033,0.8,1,1,1,0.8,1
2034,1,0.2,0.6,0.6,0.2,0.6
2035,1,1,1,0.6,0.6,0.6
2036,0.4,0.2,0.2,0.6,0.2,0.4
2037,0.6,0.6,0.8,1,0.8,1
2038,0.2,0.2,0.2,0.2,0.2,0.2
2039,0.2,0.4,0.6,0.6,0.2,0.2
2040,0.2,0.2,0.4,0.8,0.6,0.6
2041,0.4,0.6,0.4,0.6,0.8,0.6
2042,0.4,0.4,0.6,0.6,0.4,0.6
2043,0.2,0.2,0.2,0.2,0.2,0.2
2044,1,1,1,1,1,1
2045,0.2,0.2,0.8,0.8,0.2,0.6
2046,0.8,0.2,0.4,0.8,0.2,0.4
2047,0.2,0.4,0.4,0.8,0.2,0.4
2048,0.6,0.6,0.4,0.6,0.6,0.6
2049,0.2,0.2,0.2,0.2,0.2,0.2
2050,0.6,0.2,0.8,1,0.4,0.2
2051,0.4,0.4,0.8,0.8,0.4,0.6
2052,0.2,0.2,0.2,0.8,0.2,0.2
2053,0.2,0.2,0.6,0.6,0.4,0.2
2054,1,1,0.8,0.4,0.6,0.8
2055,0.6,0.2,0.6,0.8,0.2,0.2
2056,0.6,0.4,0.2,0.4,0.4,0.2
2057,0.6,0.2,0.6,0.8,0.2,0.2
2058,1,1,1,1,1,0.8
2059,1,1,1,0.8,1,1
2060,0.6,0.4,0.2,0.4,0.4,0.2
2061,0.8,1,1,0.8,1,1
2062,0.8,0.6,0.4,0.8,0.6,0.8
2063,0.6,0.4,0.6,0.6,0.4,0.6
2064,0.4,0.6,0.6,0.6,0.2,0.6
2065,0.2,0.2,0.4,0.4,0.2,0.2
2066,0.2,0.2,0.2,0.2,0.2,0.2
2067,0.6,1,0.8,0.8,0.8,0.8
2068,0.4,0.2,0.4,0.6,0.2,0.4
2069,0.8,1,1,0.8,0.2,1
2070,0.6,1,1,1,0.8,1
2071,0.6,0.6,0.8,1,0.4,0.6
2072,0.2,0.2,0.2,0.2,0.2,0.2
2073,0.6,1,1,1,0.6,1
2074,1,1,1,1,1,1
2075,0.2,0.2,0.4,0.6,0.2,0.4
2076,0.4,0.2,0.4,0.4,0.2,0.4
2077,0.6,0.6,1,1,1,0.6
2078,1,0.8,0.8,1,0.6,0.8
2079,1,1,1,1,1,1
2080,1,1,1,1,1,1
2081,0.6,0.8,0.8,1,0.8,0.8
2082,0.8,1,1,0.6,0.8,1
2083,0.2,0.2,0.2,0.6,0.2,0.2
2084,0.4,0.6,0.4,0.2,0.4,0.4
2085,0.2,0.2,0.2,0.2,0.2,0.2
2086,0.8,0.6,0.8,1,1,0.8
2087,0.6,0.8,1,0.4,0.4,0.8
2088,0.8,1,0.8,1,0.4,0.6
2089,0.4,0.8,1,0.6,0.6,0.6
2090,0.2,0.2,0.2,0.2,0.2,0.2
2091,0.2,0.2,0.2,0.2,0.2,0.4
2092,0.4,1,1,1,0.8,0.8
2093,0.6,0.4,0.4,0.6,0.4,0.6
2094,0.4,0.6,0.6,0.6,0.8,0.6
2095,1,1,1,1,0.8,1
2096,0.4,0.2,0.2,0.2,0.2,0.4
2097,0.4,0.2,0.2,0.2,0.2,0.2
2098,0.6,0.4,1,1,0.2,0.2
2099,0.6,1,1,0.8,0.8,0.8
2100,1,1,1,1,1,0.8
2101,0.6,0.4,0.8,1,0.2,0.6
2102,0.6,0.4,0.8,1,0.2,0.6
2103,0.6,0.2,0.6,0.6,0.2,0.6
2104,0.4,0.4,0.6,1,0.6,0.6
2105,0.6,0.2,0.2,0.4,0.2,0.4
2106,0.2,0.2,1,0.4,0.6,1
2107,0.2,0.2,0.2,0.2,0.2,0.2
2108,0.6,0.2,0.2,0.8,0.2,0.2
2109,0.6,0.8,1,1,0.8,0.8
2110,0.4,0.4,0.4,0.6,0.6,0.4
2111,0.4,0.4,0.2,1,0.6,0.6
2112,0.8,0.2,0.6,0.2,0.8,0.2
2113,0.2,1,0.2,1,0.4,0.2
2114,0.2,0.2,0.8,1,0.2,0.4
2115,0.2,0.6,0.6,0.8,0.4,0.4
2116,0.2,0.2,0.4,0.8,0.2,0.2
2117,0.2,0.2,0.2,0.2,0.2,0.2
2118,0.8,0.2,0.2,0.2,0.2,0.2
2119,1,0.8,1,0.8,1,1
2120,0.4,0.6,1,0.8,0.6,0.8
2121,0.4,0.8,0.8,0.6,0.8,0.8
2122,0.2,0.2,0.2,0.2,0.2,0.4
2123,0.2,0.2,0.4,0.2,0.2,0.2
2124,0.6,0.4,0.6,0.6,0.6,0.6
2125,1,1,1,1,1,1
2126,0.4,0.4,0.4,1,0.4,0.2
2127,0.6,0.6,0.4,0.8,0.8,0.8
2128,1,1,0.2,0.4,1,0.8
2129,0.6,0.6,0.2,0.6,0.6,0.6
2130,0.6,0.4,0.4,0.4,0.6,0.4
2131,0.2,0.2,0.2,0.4,0.2,0.2
2132,0.8,0.6,0.6,1,0.6,0.8
2133,1,0.6,0.6,0.6,0.6,0.8
2134,0.6,0.6,0.2,0.4,0.2,0.4
2135,0.2,0.2,0.6,1,0.2,0.4
2136,0.8,0.8,1,1,0.8,0.8
2137,0.2,0.6,0.6,0.6,0.2,0.6
2138,1,1,0.8,0.6,1,0.8
2139,0.8,0.2,0.2,0.4,0.2,0.4
2140,0.4,0.2,0.2,0.8,0.2,0.2
2141,0.6,0.6,0.6,0.6,0.6,0.8
2142,0.8,0.4,0.6,0.8,0.4,0.8
2143,0.4,0.6,0.6,0.8,0.8,0.6
2144,0.4,0.2,0.2,0.4,0.2,0.6
2145,0.2,0.2,0.2,0.4,0.2,0.2
2146,0.6,1,1,0.8,1,1
2147,0.6,1,1,1,0.8,0.8
2148,0.4,0.6,0.2,0.4,0.2,0.4
2149,0.6,0.8,0.8,0.8,0.8,0.8
2150,0.6,0.4,0.6,0.6,0.2,0.6
2151,0.8,0.2,0.6,0.4,0.4,0.6
2152,0.2,0.2,0.2,0.2,0.2,0.4
2153,0.2,0.8,0.2,0.6,0.2,0.2
2154,1,1,1,1,0.8,1
2155,1,0.2,0.8,0.6,0.2,0.2
2156,0.4,0.2,0.2,0.6,0.2,0.2
2157,0.6,1,1,1,1,1
2158,1,1,1,1,0.8,1
2159,0.6,0.8,0.6,0.8,0.6,0.8
2160,0.4,0.6,0.6,0.4,0.4,0.4
2161,0.4,0.4,0.4,0.4,0.4,0.4
2162,0.6,0.8,0.8,1,0.8,0.8
2163,0.4,0.4,0.6,1,0.4,0.6
2164,0.8,0.2,0.4,1,0.2,0.6
2165,0.6,0.6,0.4,0.8,0.4,0.6
2166,0.2,0.6,0.4,0.8,1,0.4
2167,0.2,0.2,0.6,0.8,0.2,0.2
2168,0.2,0.2,0.6,0.8,0.2,0.2
2169,0.2,0.4,0.4,0.8,0.2,0.2
2170,0.6,0.8,0.8,0.6,0.8,0.8
2171,0.6,0.8,1,1,0.8,0.8
2172,0.6,0.6,0.6,0.6,0.6,0.6
2173,0.6,0.4,0.4,0.8,0.4,0.6
2174,1,0.6,0.4,0.8,0.2,0.6
2175,0.8,1,1,0.8,1,1
2176,1,1,1,0.8,1,1
2177,0.2,1,0.8,1,0.8,0.2
2178,0.6,0.6,0.6,0.6,0.6,0.6
2179,0.2,0.4,0.2,0.4,0.2,0.6
2180,0.2,0.2,0.2,0.2,0.2,0.2
2181,0.4,0.4,0.4,0.4,0.6,0.4
2182,0.2,0.6,0.6,1,0.6,0.8
2183,1,1,1,0.8,1,1
2184,0.6,0.6,0.6,0.6,0.6,0.8
2185,0.2,0.6,0.6,0.6,0.4,0.8
2186,0.8,0.8,0.8,0.8,0.6,0.8
2187,0.8,1,1,1,0.8,1
2188,0.2,0.2,0.2,0.2,0.2,0.2
2190,1,1,1,0.8,0.6,0.8
2191,0.4,0.4,0.4,0.6,0.6,0.4
2192,0.6,1,1,1,0.6,0.8
2193,0.6,0.8,0.6,0.8,0.2,0.6
2194,0.2,0.2,0.2,0.2,0.2,0.2
2195,0.2,0.2,0.2,0.2,0.2,0.2
2196,0.6,0.4,0.6,1,0.6,0.6
2197,0.2,0.2,0.6,0.8,0.6,0.2
2198,0.2,0.2,0.2,0.2,0.2,0.2
2199,0.2,0.2,0.6,0.4,0.2,0.2
2200,0.4,0.6,0.8,0.6,0.8,0.6
2201,0.8,0.8,0.6,0.6,1,0.6
2202,0.2,0.2,0.2,0.6,0.2,0.6
2203,0.2,0.2,0.2,0.2,0.2,0.2
2204,0.2,0.6,0.6,0.6,0.8,0.4
2205,0.2,0.2,0.6,0.8,0.2,0.4
2206,0.6,0.8,0.6,1,0.4,0.8
2207,0.8,0.6,0.6,0.4,0.4,0.6
2208,0.4,0.2,0.6,0.8,0.4,0.6
2209,0.4,0.6,0.6,1,0.6,0.8
2210,0.2,0.2,0.2,0.4,0.2,0.2
2211,0.6,1,1,0.8,1,0.8
2212,1,0.8,0.6,1,0.2,1
2213,1,0.8,1,0.8,0.8,0.8
2214,1,0.2,0.2,0.8,0.4,0.4
2215,1,1,1,1,1,1
2216,0.8,0.6,0.8,0.8,0.6,0.8
2217,0.6,0.4,0.2,0.2,0.6,0.6
2218,0.2,0.2,0.8,0.4,0.2,0.2
2219,0.8,0.8,0.8,0.8,0.8,0.8
2220,0.6,1,1,0.6,0.8,0.4
2221,0.4,0.8,0.4,0.2,0.2,1
2222,0.2,0.6,0.6,0.4,0.2,0.4
2223,0.4,0.4,0.8,1,0.8,0.6
2224,0.2,0.4,0.2,0.6,0.2,0.2
2225,0.6,0.2,0.4,0.4,0.2,0.4
2226,0.2,0.4,1,0.8,0.2,1
2227,0.2,0.8,0.8,0.6,0.6,0.6
2228,0.4,0.4,0.2,0.4,0.2,0.4
2229,1,0.6,0.6,0.4,0.2,0.6
2230,0.4,0.6,1,0.2,1,0.6
2231,0.8,0.8,0.8,0.6,0.4,0.6
2232,0.2,0.2,0.2,0.2,0.2,0.2
2233,0.4,0.8,0.4,0.6,0.4,0.6
2234,0.2,0.2,0.2,0.8,0.2,0.2
2235,0.4,0.4,0.2,0.4,0.2,0.2
2236,0.6,0.4,0.6,1,0.2,0.4
2237,0.2,0.8,0.6,0.8,0.6,0.6
2238,1,0.6,0.6,0.6,1,0.6
2239,1,1,1,0.8,1,1
2240,1,1,1,1,1,1
2241,0.2,0.2,0.2,0.8,0.2,0.2
2242,0.2,0.6,0.2,0.8,0.2,0.2
2243,0.6,0.4,0.4,0.2,0.4,0.4
2244,0.4,0.8,0.8,1,0.4,0.6
2245,0.6,0.4,0.8,0.6,0.6,0.6
2246,1,1,1,1,1,1
2247,1,1,1,0.8,1,1
2248,0.2,0.2,0.2,0.6,0.4,0.2
2249,0.6,0.6,0.4,0.8,0.6,0.6
2250,0.6,0.6,0.8,0.8,0.4,0.6
2251,0.2,0.2,0.2,0.2,0.2,0.2
2252,0.4,0.4,0.4,0.4,0.4,0.4
2253,0.6,1,1,0.8,0.6,1
2254,0.2,0.2,0.2,0.4,0.4,0.2
2255,0.2,0.2,0.2,0.2,0.2,0.2
2256,1,1,0.8,0.8,0.8,0.8
2257,0.6,0.2,0.4,0.4,0.6,0.4
2258,0.4,0.8,1,0.8,0.8,1
2259,0.2,0.2,0.2,0.2,0.2,0.2
2260,0.6,0.6,0.8,1,0.6,0.8
2261,0.8,1,0.6,1,0.8,0.8
2262,0.4,0.2,1,0.8,0.6,0.4
2263,0.4,0.6,0.6,1,0.4,0.6
2264,0.8,1,1,0.8,0.4,1
2265,0.2,0.2,0.6,0.2,0.6,0.4
2266,0.2,0.2,0.2,0.2,0.2,0.4
2267,0.2,0.2,1,1,0.6,0.2
2268,0.8,1,1,0.8,1,1
2269,1,1,1,1,1,1
2270,0.6,0.6,0.6,0.6,0.6,0.6
2271,0.4,0.2,0.4,0.8,0.6,0.4
2272,0.2,0.2,0.4,0.6,0.2,0.2
2273,0.6,1,1,0.8,1,1
2274,0.2,0.8,1,0.4,0.4,0.4
2275,0.4,0.2,0.2,0.6,0.4,0.2
2276,0.2,0.2,0.2,0.2,0.2,0.2
2277,1,0.2,0.2,0.2,0.2,0.2
2278,1,1,1,0.8,0.6,0.8
2279,0.4,1,0.8,0.8,0.8,0.8
2280,0.2,0.2,0.6,1,0.2,0.6
2281,0.2,0.6,0.6,1,0.6,0.6
2282,0.8,0.8,1,1,0.8,0.8
2283,0.2,0.6,0.2,0.2,0.2,0.2
2284,1,1,1,0.8,1,1
2285,0.2,0.2,0.4,0.2,0.4,0.2
2286,0.8,1,1,0.8,0.8,1
2287,0.2,0.2,0.2,0.8,0.2,0.2
2288,0.2,1,0.4,0.8,0.2,0.2
2289,0.6,1,1,1,0.8,1
2290,0.8,0.6,0.8,1,0.8,1
2291,1,0.2,1,1,1,1
2292,0.2,0.4,0.8,0.8,0.2,0.2
2293,0.6,0.8,1,0.8,0.8,0.6
2294,0.2,0.4,0.4,0.4,0.6,0.2
2295,0.8,1,1,1,0.8,1
2296,0.8,1,1,1,1,1
2297,0.2,0.2,0.4,0.6,0.2,0.4
2298,0.8,1,1,0.8,1,0.8
2299,0.8,1,1,1,0.8,1
2300,0.4,0.4,0.4,0.4,0.4,0.4
2301,0.2,0.2,0.4,0.6,0.2,0.2
2302,0.6,0.8,1,1,0.8,1
2303,0.8,0.6,0.8,0.6,0.6,0.8
2304,0.6,0.6,1,0.6,0.6,0.8
2305,1,1,1,1,1,1
2306,0.2,0.2,0.2,0.2,0.2,0.2
2307,0.4,0.8,0.6,0.6,0.6,0.8
2308,0.6,0.6,0.6,0.6,0.6,0.6
2309,1,0.8,0.6,0.6,0.6,0.6
2310,0.8,1,1,0.8,0.8,1
2311,0.2,0.2,0.6,0.2,0.2,0.2
2312,0.2,0.2,0.4,0.6,0.2,0.4
2313,1,1,1,1,1,1
2314,0.6,0.6,0.4,0.8,0.6,0.6
2315,0.4,0.2,0.2,1,0.6,0.6
2316,0.2,0.2,0.6,0.8,0.2,0.4
2317,0.4,0.6,0.4,0.6,0.8,0.6
2318,0.6,0.8,0.8,1,0.8,0.8
2319,0.4,0.2,0.2,0.4,0.2,0.4
2320,0.2,0.2,0.2,0.2,0.2,0.2
2321,0.4,0.4,0.6,0.6,0.4,0.6
2322,0.8,1,1,1,1,1
2323,0.6,0.4,0.4,0.6,0.4,0.4
2324,0.2,0.2,0.2,0.6,0.2,0.2
2325,0.2,0.2,0.4,0.4,0.2,0.4
2326,0.2,0.2,0.2,0.6,0.6,0.2
2327,0.6,1,1,0.8,0.8,1
2328,0.4,0.2,0.2,0.4,0.2,0.2
2329,0.4,0.4,0.6,0.6,0.4,0.4
2330,0.2,0.6,0.6,0.6,0.4,0.6
2331,0.8,1,1,1,1,1
2332,0.8,1,1,1,1,1
2333,1,1,1,1,1,1
2334,1,1,1,1,1,1
2335,0.8,0.6,0.8,0.8,0.8,1
2336,0.2,0.2,0.4,0.6,0.2,0.2
2337,0.2,0.2,0.2,0.6,0.2,0.2
2338,0.6,0.2,0.2,1,0.2,0.4
2339,0.4,0.4,0.4,1,0.2,0.4
2340,0.8,0.6,0.8,0.6,1,0.8
2341,0.4,0.4,0.8,1,0.2,0.6
2342,0.2,0.2,0.2,0.2,0.2,0.6
2343,0.6,0.6,0.8,0.8,0.6,0.6
2344,1,1,1,1,1,1
2345,0.4,0.2,0.2,0.4,0.2,0.4
2346,0.8,1,1,0.8,0.8,1
2347,0.2,0.2,0.2,0.2,0.2,0.2
2348,1,1,1,0.6,1,1
2349,0.4,0.2,0.2,1,0.4,0.6
2350,0.6,0.2,0.2,1,0.2,0.2
2351,0.2,0.6,0.8,0.8,0.2,0.4
2352,0.2,0.8,0.2,0.4,0.2,0.6
2353,0.8,0.8,0.4,0.6,0.6,0.8
2354,0.8,1,1,0.8,1,1
2355,0.4,0.2,0.4,0.8,0.4,0.4
2356,0.4,0.8,0.6,0.4,0.4,0.4
2357,0.8,1,1,0.8,1,1
2358,0.6,0.4,0.6,1,0.6,0.6
2359,1,0.4,0.6,0.4,0.6,0.6
2360,0.4,0.4,1,0.8,0.4,0.8
2361,0.2,0.6,0.4,0.8,0.4,0.4
2362,0.6,0.2,0.4,0.8,0.2,0.4
2363,0.2,0.2,0.2,0.4,0.2,0.2
2364,0.2,0.2,0.6,0.6,0.2,0.4
2365,0.2,0.4,0.8,0.6,0.4,0.2
2366,0.6,0.2,1,1,0.2,0.2
2367,0.4,0.8,0.6,0.8,0.8,0.8
2368,0.2,0.2,0.4,0.2,0.2,0.6
2369,0.4,0.6,0.6,0.8,0.6,0.6
2370,1,1,1,1,1,1
2371,0.6,1,1,0.8,1,1
2372,0.2,0.2,0.4,0.8,0.2,0.4
2373,1,0.4,0.2,0.6,0.4,0.4
2374,0.2,0.2,0.6,1,0.4,0.2
2375,0.8,1,0.8,0.6,0.6,0.6
2376,0.2,0.6,0.6,0.8,0.4,0.6
2377,0.8,1,1,0.6,0.8,0.8
2378,1,0.6,1,1,0.6,0.6
2379,0.8,0.8,1,1,1,0.8
2380,1,0.6,0.4,0.6,0.2,1
2381,0.4,0.2,0.2,0.2,0.2,0.2
2382,1,1,1,1,1,1
2383,0.6,0.4,0.6,1,0.6,0.2
2384,0.4,0.6,0.6,0.6,0.4,0.6
2385,0.4,0.6,1,0.8,0.2,1
2386,0.8,1,1,0.8,1,0.8
2387,0.8,0.6,0.2,0.4,0.4,0.6
2388,1,1,1,1,1,1
2389,0.2,0.8,1,1,0.2,0.8
2390,0.6,0.6,1,0.6,0.6,0.6
2391,0.6,1,1,1,0.6,0.8
2392,0.2,0.2,0.2,0.2,0.2,0.2
2393,0.4,0.4,0.6,0.8,0.6,0.6
2394,1,0.8,0.6,0.8,0.6,0.6
2395,1,1,1,1,1,1
2396,0.8,1,0.8,1,1,1
2397,1,1,1,0.8,1,1
2398,0.2,0.2,0.4,0.8,0.2,0.4
2399,1,1,1,1,1,1
2400,0.4,0.6,0.4,0.6,0.4,0.6
2401,1,1,1,1,1,1
2402,0.8,1,1,1,0.8,1
2403,1,1,1,1,1,1
2404,1,1,1,1,0.8,1
2405,1,1,0.8,0.8,0.6,0.6
2406,1,0.8,1,1,0.8,1
2407,1,1,1,1,1,1
2408,0.6,1,1,1,1,1
2409,0.2,0.4,0.2,1,0.2,0.4
2410,0.8,0.6,0.8,1,0.6,0.6
2411,1,1,1,1,1,1
2412,0.2,0.4,0.2,1,0.2,0.2
2413,0.6,0.6,1,1,0.4,0.8
2414,0.2,0.2,0.2,1,0.2,0.2
2415,0.8,1,1,0.8,0.8,1
2416,1,1,1,1,1,1
2417,0.4,0.2,0.2,0.6,0.6,0.4
2418,0.8,1,0.8,0.6,0.8,1
2419,0.2,0.2,0.4,1,0.6,0.2
2420,0.8,1,1,1,1,1
2421,1,1,1,1,1,1
2422,0.6,0.6,0.8,0.6,0.2,0.8
2423,1,1,0.6,0.8,0.4,0.8
2424,1,1,1,1,1,1
2425,0.2,0.2,0.2,0.2,0.2,0.4
2426,1,1,1,1,1,1
2427,0.6,1,1,1,0.8,1
2428,0.6,0.6,0.6,0.8,0.6,0.8
2429,0.8,1,1,1,1,1
2430,0.2,0.2,0.2,0.6,0.2,0.2
2431,0.6,0.4,0.6,1,0.4,0.6
2432,1,1,1,1,1,1
2433,0.2,0.4,0.6,1,0.6,0.2
2434,0.8,0.8,0.6,1,1,0.8
2435,1,1,1,1,1,1
2436,0.8,1,1,1,1,1
2437,0.4,0.8,1,0.6,0.8,0.6
2438,0.2,0.8,0.6,0.6,0.2,0.8
2439,0.8,1,0.8,0.8,0.8,0.8
2440,1,1,1,1,1,1
2441,0.4,1,1,1,0.8,1
2442,1,1,1,0.8,1,1
2443,0.2,0.2,0.2,0.2,0.2,0.2
2444,1,1,0.4,1,0.6,0.6
2445,0.8,0.8,0.8,1,0.8,1
2446,0.6,0.6,0.2,0.8,0.6,0.2
2447,0.8,1,0.8,0.6,0.8,1
2448,0.4,1,0.4,1,0.2,0.2
2449,0.6,1,0.8,0.8,0.8,0.8
2450,1,1,1,1,1,1
2451,0.8,1,1,1,1,1
2452,0.2,0.2,0.2,0.2,0.2,0.2
2453,0.4,0.8,0.6,1,0.6,0.8
2454,0.4,0.6,1,1,0.6,0.4
2455,1,1,0.4,1,0.6,0.6
2456,1,1,1,1,1,1
2457,1,1,0.8,1,1,1
2458,0.8,0.8,0.8,0.8,1,0.6
2459,1,1,1,0.6,1,1
2460,0.8,1,1,1,1,1
2461,0.4,1,0.8,0.8,0.8,0.8
2462,0.6,0.8,1,0.8,0.8,1
2463,0.6,0.8,0.8,1,0.8,0.8
2464,0.2,0.2,0.2,1,0.2,0.2
2465,1,1,1,1,1,1
2466,0.6,1,1,1,0.6,0.8
2467,1,1,1,1,1,1
2468,1,1,1,1,1,1
2469,1,1,1,1,1,1
2470,0.8,1,1,1,1,1
2471,0.6,0.6,0.6,1,0.2,0.8
2472,0.8,0.6,0.6,0.8,0.6,0.6
2473,0.6,1,0.8,1,1,1
2474,0.8,0.8,0.8,1,0.8,1
2475,0.8,1,0.8,1,0.8,1
2476,1,1,1,0.8,0.2,0.8
2477,0.2,0.6,0.4,1,0.8,0.6
2478,1,1,1,1,1,1
2479,0.6,1,1,0.8,1,1
2480,0.2,0.2,0.6,1,0.2,0.2
2481,0.8,1,1,1,1,1
2482,0.2,0.2,0.2,1,0.2,0.2
2483,0.2,0.6,0.4,0.6,0.4,0.6
2484,1,1,1,1,1,1
2485,1,1,1,1,1,1
2486,0.6,1,1,1,0.8,1
2487,1,1,1,1,1,1
2488,0.8,0.8,0.8,0.8,0.8,1
2489,1,1,0.8,1,0.6,0.8
2490,0.2,1,0.6,0.6,0.2,0.6
2491,0.8,1,1,1,0.8,0.8
2492,0.4,0.6,1,1,0.8,0.8
2493,0.6,0.8,0.8,0.8,0.8,0.8
2494,1,1,1,1,1,1
2495,0.6,1,1,0.8,1,0.8
2496,0.8,1,1,1,1,1
2497,0.8,1,1,1,1,1
2498,1,1,1,1,1,1
2499,0.8,1,1,1,1,1
2500,0.8,0.8,1,1,1,1
2501,0.8,1,0.6,1,0.8,0.8
2502,1,1,1,1,1,1
2503,0.6,0.8,0.8,1,0.2,0.8
2504,0.8,1,1,1,1,1
2505,0.2,0.4,0.4,0.6,0.4,0.2
2506,0.8,1,1,1,1,1
2507,0.4,1,1,1,0.6,1
2508,0.6,0.8,0.4,1,0.6,0.6
2509,1,1,1,1,1,1
2510,0.6,1,1,1,1,1
2511,0.4,1,1,1,0.6,0.8
2512,1,1,1,1,1,1
2513,0.8,1,1,1,1,1
2514,1,1,1,1,1,1
2515,1,1,1,1,1,1
2516,1,0.6,1,0.8,1,1
2517,1,1,1,1,1,1
2518,0.8,0.8,0.8,0.8,1,1
2519,0.8,0.6,1,0.6,0.8,1
2520,0.8,1,1,1,1,1
2521,0.2,0.8,1,1,0.6,1
2522,0.6,0.8,0.8,0.8,0.4,0.6
2523,0.6,0.6,0.6,1,0.6,0.8
2524,0.4,1,0.6,0.6,0.4,0.8
2525,0.2,0.2,0.8,0.8,0.2,0.4
2526,1,1,1,1,1,1
2527,0.2,0.4,0.6,0.4,0.2,0.6
2528,1,1,1,1,0.8,1
2529,0.6,1,0.6,0.6,0.6,0.6
2530,0.6,0.6,0.6,1,0.2,0.6
2531,0.2,0.2,0.2,0.6,0.2,0.2
2532,0.6,0.8,0.6,0.8,0.6,0.8
2533,0.4,0.6,0.4,0.8,0.4,0.6
2534,0.2,0.4,0.2,0.8,0.4,0.6
2535,1,1,0.2,1,0.8,1
2536,1,1,1,1,1,1
2537,0.2,0.6,0.6,1,0.4,0.6
2538,1,1,1,1,1,1
2539,0.6,0.4,0.2,0.4,0.2,0.4
2540,0.2,0.2,0.2,0.2,0.2,0.2
2541,0.2,0.8,0.4,1,0.4,0.8
2542,1,1,0.8,1,1,1
2543,0.6,0.6,0.8,1,0.6,0.8
2544,0.2,0.2,0.2,0.2,0.2,0.2
2545,1,1,1,1,1,1
2546,1,1,1,1,1,1
2547,1,1,0.6,1,0.8,0.8
2548,0.2,0.6,0.8,0.8,1,0.8
2549,0.6,1,0.8,1,0.6,0.4
2550,0.2,0.8,0.6,0.6,0.2,0.6
2551,0.8,1,0.6,0.8,0.8,1
2552,0.6,1,0.8,1,0.8,1
2553,0.8,1,1,0.8,0.8,1
2554,1,1,1,1,1,0.8
2555,0.4,0.4,0.6,0.6,0.2,0.2
2556,0.8,1,1,1,0.8,1
2557,0.6,0.8,0.8,1,0.2,0.8
2558,0.2,0.4,0.4,0.2,0.2,0.6
2559,0.8,1,0.8,1,0.8,0.8
2560,0.4,0.6,0.6,0.8,0.6,0.8
2561,0.8,0.4,0.6,0.8,0.6,0.8
2562,0.4,0.6,0.6,0.6,1,0.8
2563,0.6,0.8,1,0.4,0.8,0.8
2564,1,0.8,0.8,0.6,0.4,0.8
2565,0.2,0.8,0.4,0.8,0.6,0.4
2566,1,1,1,1,1,1
2567,1,1,1,1,1,1
2568,0.8,0.6,0.8,1,0.6,0.8
2569,0.2,0.2,0.4,0.4,0.2,0.2
2570,0.8,1,1,0.8,0.8,1
2571,1,0.8,0.8,0.6,0.8,0.8
2572,0.4,0.4,0.8,0.6,0.2,0.4
2573,1,0.8,0.6,0.8,0.6,0.8
2574,0.8,0.8,0.8,1,0.8,1
2575,1,1,0.6,1,0.4,0.8
2576,0.8,0.8,0.6,0.6,0.4,0.8
2577,0.8,0.8,0.6,1,0.8,0.8
2578,1,1,1,0.8,0.8,0.8
2579,1,0.6,0.6,0.4,0.2,0.6
2580,0.4,0.4,0.4,0.8,0.4,0.6
2581,0.2,0.4,0.4,0.6,0.2,0.2
2582,0.2,0.2,0.4,0.6,0.2,0.2
2583,0.6,0.6,0.6,0.8,0.4,0.6
2584,1,1,1,1,1,1
2585,0.8,1,1,0.6,0.6,1
2586,0.6,1,0.8,0.6,0.8,0.8
2587,1,0.4,0.4,0.4,0.6,0.6
2588,0.8,0.8,0.8,1,0.4,0.8
2589,0.8,0.6,0.6,0.8,0.6,0.6
2590,1,0.2,0.4,0.8,0.6,0.6
2591,1,1,0.6,1,1,1
2592,0.8,1,0.8,1,1,1
2593,0.8,1,1,0.8,1,1
2594,0.6,0.6,0.6,0.8,0.6,1
2595,0.6,0.8,0.6,1,0.4,0.8
